tab_fts_col_1,tab_fts_col_2,tab_fts_col_3,tab_fts_col_4,tab_fts_col_5,tab_fts_col_6,tab_fts_col_7,tab_fts_col_8,tab_fts_col_9,tab_fts_col_10,T1,T2
0.9202251,0.83715403,0.7444631,0.4838964,0.88649577,0.94518733,0.887672,0.26136124,0.86422735,0.3503671,0.97625023,0.0075151534
0.41308612,0.71005833,0.7898695,0.3172602,0.9792702,0.6496565,0.8809981,0.5559377,0.74160314,0.77054405,0.21196307,0.0002808411
0.26357764,0.64926934,0.55442876,0.71718526,0.35413936,0.5460139,0.8121854,0.81069636,0.71423995,0.54193586,0.96111834,0.9859359
0.7603151,0.47758964,0.40716162,0.7609289,0.6571192,0.41327354,0.13389795,0.4825971,0.19243696,0.41948444,0.83599776,0.42761025
0.71393394,0.5775407,0.2523693,0.008162768,0.11963474,0.32029423,0.19672784,0.5700038,0.53494984,0.38979146,0.9912102,0.06066703
0.52488,0.53883916,0.9093551,0.4666294,0.07835089,0.1459373,0.27560863,0.798954,0.25510833,0.6094293,0.0029015185,0.9938723
0.34339172,0.5910269,0.65917647,0.39725676,0.999278,0.351893,0.72140664,0.6375827,0.81305385,0.9762257,0.26682225,0.00036166294
0.7480228,0.79356736,0.30065116,0.8007986,0.5488463,0.4733262,0.6751259,0.021358684,0.10231682,0.29217738,0.9993957,0.9732606
0.52072996,0.45551732,0.00020694848,0.86219645,0.02373862,0.8815506,0.82281774,0.9366991,0.31396344,0.179707,0.999845,0.9998981
0.5647773,0.41131225,0.55949926,0.1044667,0.111434296,0.9272853,0.21855573,0.27028114,0.5572422,0.48686197,0.055462893,0.47043195
0.09630331,0.57115775,0.21733853,0.3771505,0.017530339,0.24904206,0.6510028,0.12313782,0.6613554,0.8604208,0.99891365,0.98919404
0.8232371,0.77659225,0.24793679,0.24684592,0.4726551,0.94360256,0.6258865,0.83252966,0.8671034,0.1344494,0.9997503,0.043330163
0.89284736,0.9270068,0.78091717,0.56135964,0.7757679,0.6194136,0.0056944555,0.11628213,0.10954565,0.55386317,0.9232937,0.018516397
0.6012829,0.12668191,0.8157364,0.8024722,0.6697838,0.13453361,0.6602064,0.3752598,0.5428376,0.4185796,2.4938532e-05,0.9183986
0.6533943,0.49604207,0.027636321,0.35964888,0.6257736,0.99168634,0.20687449,0.152719,0.36436847,0.5509126,0.99975604,0.06603318
0.6468215,0.8879208,0.14298978,0.8162537,0.6097234,0.029242694,0.7668887,0.537688,0.79992884,0.40886804,0.9999709,0.98105717
0.7315846,0.36166173,0.60175824,0.5995284,0.92006797,0.09616709,0.8395424,0.39362657,0.14059623,0.28613433,0.017550701,0.026534187
0.08893344,0.03383238,0.71070445,0.7420036,0.47037122,0.8643162,0.58840615,0.75736254,0.9359825,0.7903636,3.3597786e-05,0.9784394
0.6575586,0.020573596,0.764261,0.16434038,0.2508177,0.7145072,0.607656,0.25439063,0.8437143,0.056551293,3.413346e-05,0.1301266
0.4268195,0.26810926,0.13159685,0.03921054,0.025231827,0.2715503,0.46185344,0.72624326,0.4748717,0.9040508,0.9299968,0.30627847
0.084438324,0.16548322,0.6254176,0.62278897,0.83822703,0.93549275,0.14198647,0.2593738,0.42746142,0.0009032855,0.0003787527,0.026007807
0.04673871,0.64137065,0.9688213,0.8504249,0.2956743,0.6109353,0.45036477,0.5845752,0.5617683,0.7332281,0.0022893702,0.9988115
0.36237758,0.27968466,0.47812024,0.25573352,0.33951142,0.44037634,0.84350085,0.93051064,0.82974136,0.52569973,0.12655604,0.13235037
0.23040031,0.4266914,0.6104897,0.5456289,0.9747232,0.6803703,0.73994625,0.96695596,0.41443804,0.35537982,0.086761534,0.0016829153
0.8638556,0.11753186,0.5173791,0.13206811,0.7168597,0.3960597,0.5654213,0.18327984,0.14484777,0.48805627,0.0021882004,0.002242389
0.19725947,0.5349082,0.29024804,0.30417356,0.5910654,0.9217191,0.8052639,0.7239414,0.55917376,0.9222985,0.9836903,0.036310177
0.5655311,0.29308784,0.78315216,0.937958,0.6310825,0.65446615,0.9246959,0.51818764,0.12781438,0.84268224,0.00032092578,0.9729576
0.5071532,0.33622348,0.18771456,0.0835676,0.9394089,0.020908797,0.5122962,0.6806733,0.90883833,0.70725334,0.91071,4.8753343e-05
0.99655074,0.9921171,0.1794204,0.7954125,0.6598241,0.7264679,0.9909005,0.83661926,0.39151728,0.9374656,0.9999989,0.973042
0.60274327,0.34752554,0.378162,0.8407026,0.19942495,0.4574287,0.064946555,0.2579655,0.13640673,0.3427235,0.10002753,0.99833006
0.8596175,0.20037071,0.43960533,0.9060445,0.7954273,0.038122248,0.48850617,0.5251461,0.8352832,0.5969652,0.011951871,0.9695663
0.5754224,0.023554439,0.96444917,0.99996203,0.22699034,0.3572537,0.3284021,0.24784075,0.10957504,0.6889381,2.3380798e-07,0.99954563
0.8883939,0.7440448,0.44134778,0.4623776,0.27835563,0.058391985,0.9396846,0.09962278,0.27052584,0.9474485,0.9964437,0.8750854
0.40991804,0.9625123,0.55282235,0.43171167,0.95059884,0.09161385,0.27178198,0.34639445,0.85350263,0.76641196,0.996198,0.0011429535
0.56875026,0.118051745,0.97757566,0.28809232,0.2325496,0.867468,0.74873024,0.49329472,0.8780794,0.46328965,2.9323426e-06,0.6106486
0.72847843,0.4849771,0.281476,0.2061746,0.91861385,0.058246695,0.33707315,0.6900501,0.60006905,0.4332186,0.94580525,0.00020919522
0.4110052,0.15075384,0.6823788,0.5072898,0.17386794,0.7511157,0.7943851,0.22474682,0.09028953,0.81688535,0.0001377794,0.97760713
0.8821946,0.13170557,0.27853572,0.468714,0.5919981,0.29528418,0.90782565,0.45184684,0.100337334,0.81905174,0.22369808,0.07042283
0.37906814,0.11415134,0.56181294,0.64159375,0.98709154,0.19513866,0.20720215,0.9474195,0.86464083,0.61605406,0.0024143988,0.0043430952
0.42369214,0.50813144,0.6607279,0.49932948,0.34177238,0.19280848,0.46447313,0.37555304,0.81544524,0.015297186,0.08876011,0.94008714
0.53473413,0.6153026,0.794873,0.7197364,0.1743699,0.743991,0.1151107,0.9177545,0.68977004,0.11191337,0.02769762,0.9979778
0.9378962,0.888868,0.8954042,0.42999157,0.7885984,0.9695787,0.26607928,0.76520205,0.24311812,0.2853156,0.08749352,0.0020030083
0.9419721,0.5932379,0.65081954,0.42599356,0.13568898,0.47046345,0.72311443,0.51015115,0.60454917,0.7974204,0.23156364,0.95388675
0.021541711,0.77175975,0.20375498,0.0748744,0.69626254,0.16562493,0.068114236,0.060548395,0.5583596,0.51703763,0.9997782,0.00051742536
0.23704086,0.2018204,0.80959815,0.76738816,0.81122047,0.75734013,0.095862046,0.8828784,0.37761754,0.21966451,7.819831e-05,0.082015626
0.25185892,0.8692547,0.07675054,0.59032446,0.48913264,0.4917164,0.80488086,0.15204239,0.98852247,0.3145815,0.99999404,0.9007373
0.56942457,0.30076727,0.6932826,0.8712766,0.4241098,0.9920665,0.55543566,0.8926243,0.48767203,0.3411523,0.0044463826,0.986262
0.27542025,0.17553084,0.7818312,0.72570413,0.10777283,0.5017921,0.8934767,0.42406625,0.22217532,0.6943865,6.6416396e-05,0.999316
0.44312224,0.55915755,0.5509464,0.5193759,0.8531585,0.94662935,0.914922,0.19645165,0.86799985,0.31775483,0.85135674,0.009787646
0.4138709,0.15117167,0.96843,0.45100418,0.33455142,0.76995385,0.80203813,0.09164816,0.087335534,0.0885783,2.055954e-06,0.43128717
0.90346086,0.19407846,0.9145894,0.08468198,0.94418687,0.14121565,0.3615299,0.34555542,0.32985702,0.7366155,2.0549644e-05,5.4646825e-05
0.18727168,0.74087065,0.23605216,0.7980432,0.77895457,0.9393957,0.7826932,0.36494517,0.51065224,0.626869,0.9998497,0.8143103
0.9128547,0.21370307,0.6599271,0.19154057,0.7592497,0.028975923,0.4201374,0.301381,0.77353287,0.9177154,0.0005906221,0.0009179631
0.84409374,0.79375124,0.66467875,0.9782289,0.8021879,0.2748444,0.7890142,0.69266164,0.39952046,0.07679747,0.956324,0.9707324
0.7993056,0.20335662,0.5700469,0.7457637,0.3530364,0.43438226,0.5753966,0.46710855,0.7530424,0.0059387535,0.0038908066,0.9870641
0.12230211,0.2789979,0.63558435,0.25975364,0.0020838787,0.70121455,0.19307858,0.32495555,0.28393644,0.1523692,0.0018324857,0.98312724
0.63640344,0.33384857,0.24301378,0.7963969,0.17101431,0.65053976,0.9997942,0.8378019,0.42371762,0.6817012,0.9834857,0.99929166
0.75409037,0.71907705,0.55957055,0.5846446,0.09127072,0.600471,0.3815222,0.86758083,0.31309888,0.57659507,0.943658,0.9944798
0.09775913,0.9525453,0.20448904,0.22038394,0.5540285,0.34973326,0.44212967,0.037098497,0.23488444,0.7735331,0.99999416,0.013331167
0.53233504,0.060842436,0.29426855,0.78363675,0.64191425,0.023984851,0.569876,0.21734008,0.9757498,0.783687,0.0066910344,0.97307736
0.1871309,0.90398395,0.54380596,0.4569114,0.8820414,0.45860395,0.72416764,0.39902532,0.9040444,0.69002503,0.99548537,0.002541575
0.9042671,0.008123047,0.6541858,0.28642517,0.06987948,0.10375646,0.06673307,0.5502676,0.30687568,0.16627716,3.4050263e-05,0.9446457
0.2065187,0.30653706,0.8634701,0.5490743,0.9950821,0.285032,0.068726815,0.30118814,0.99259496,0.74309915,5.786458e-05,0.013075694
0.39690554,0.18295194,0.87794054,0.82407725,0.7749599,0.05729004,0.5567194,0.23501356,0.119685195,0.7816131,1.5431939e-05,0.7380289
0.29022664,0.96962345,0.34863323,0.10784968,0.3885892,0.4476783,0.7522108,0.9499143,0.817057,0.9309413,0.99984026,0.0076975804
0.7638684,0.033457126,0.03862277,0.11711787,0.628325,0.4145466,0.84892565,0.2840579,0.48925203,0.70678574,0.48725346,0.002141763
0.097391225,0.5754712,0.1577516,0.071671575,0.6123818,0.07805252,0.47189498,0.61451274,0.93910265,0.9212722,0.99652714,0.0005767621
0.10415078,0.50810695,0.04031971,0.16079682,0.13240634,0.4989599,0.3282364,0.7246758,0.108177245,0.30566195,0.9995498,0.7297828
0.20635544,0.81139565,0.88746184,0.53941715,0.9905402,0.53590345,0.773131,0.32402864,0.23882996,0.7837605,0.13583563,0.001980646
0.89896107,0.18551789,0.5326686,0.32626963,0.31654257,0.44687697,0.43307745,0.3573469,0.91497076,0.73174417,0.005969105,0.5768275
0.6201738,0.46007842,0.2829663,0.44842196,0.094903715,0.38600206,0.6178588,0.9311409,0.49828866,0.24555165,0.96954435,0.96345454
0.08791557,0.906213,0.9184252,0.997706,0.7778886,0.26263782,0.26455888,0.68821687,0.6797327,0.6603292,0.35770008,0.97158235
0.1711346,0.6341564,0.36798608,0.91730005,0.79327357,0.32083684,0.9861158,0.6664988,0.01743876,0.46308824,0.9994413,0.83501995
0.016252788,0.6428034,0.44287303,0.89808774,0.32147294,0.4741848,0.5147671,0.14043953,0.7128923,0.83047634,0.9786251,0.9993905
0.77915394,0.49054906,0.6096865,0.21268241,0.47661424,0.11207188,0.32142192,0.2847797,0.44462535,0.93012637,0.0414603,0.01029071
0.7861776,0.51195604,0.83093053,0.20681226,0.9380842,0.57818466,0.0756857,0.31371766,0.9826849,0.6133341,0.0040577142,0.0003177189
0.20225771,0.2207153,0.1423467,0.14309682,0.87158954,0.41708365,0.36267665,0.24546361,0.90491045,0.58499527,0.8302863,0.00038235623
0.27057022,0.76938415,0.6333798,0.66013056,0.7504297,0.16097729,0.6004598,0.5176429,0.3404785,0.73062384,0.9783075,0.139198
0.67976385,0.8047853,0.71791303,0.14440927,0.640504,0.12348677,0.46224728,0.65483254,0.37187004,0.5172458,0.8924507,0.0014817211
0.77769595,0.10129986,0.1457809,0.5912931,0.12650555,0.053407915,0.1940292,0.29161668,0.4013865,0.69449407,0.0750233,0.9812339
0.35321376,0.98306686,0.8838254,0.85344934,0.35625318,0.7571298,0.9863291,0.5263216,0.47073215,0.014665821,0.9577889,0.99705976
0.58873945,0.56606424,0.49735063,0.09631765,0.6874972,0.37553355,0.017022276,0.7260557,0.12930702,0.79791665,0.89733547,0.00033548923
0.05738705,0.58789474,0.9540439,0.98438406,0.5784039,0.014318946,0.83989567,0.73471516,0.024681183,0.7566619,0.008361193,0.99745065
0.55551124,0.74135846,0.9792596,0.20907629,0.45797986,0.13751453,0.57147735,0.515412,0.6799037,0.51751465,0.020966003,0.030691925
0.5937575,0.025780028,0.6973645,0.7919721,0.4123935,0.35611212,0.23211579,0.8538806,0.46744496,0.7561933,4.736473e-05,0.9908172
0.93593013,0.97427726,0.0456373,0.9025438,0.54147995,0.8111755,0.42646474,0.11284746,0.5120863,0.52435994,0.9999994,0.9974777
0.29655626,0.99201125,0.24942005,0.10590615,0.9509526,0.23342025,0.68976825,0.05835636,0.7307091,0.8817202,0.99996865,5.810047e-05
0.7968976,0.87120956,0.76373,0.25899664,0.072968416,0.21091935,0.6195664,0.54888695,0.5078248,0.07318179,0.91754484,0.9371408
0.7354313,0.6280622,0.0003065372,0.016877657,0.83971447,0.16458517,0.5695955,0.9404968,0.9666066,0.84425277,0.9997651,3.5520803e-05
0.9175395,0.7577343,0.061300684,0.57263297,0.5674409,0.2023723,0.3345444,0.4582789,0.04807782,0.14977641,0.9999676,0.63915277
0.9690675,0.61742604,0.024903065,0.22453636,0.5192824,0.9436007,0.050588574,0.45282897,0.09053392,0.41376522,0.9999614,0.012688919
0.1294433,0.43946707,0.7089532,0.73016125,0.07180492,0.71194035,0.62622845,0.34891307,0.3041086,0.02900935,0.0062289946,0.9996101
0.042525087,0.43254572,0.41248044,0.82306224,0.1892527,0.74264485,0.037563615,0.88636535,0.6679426,0.42244378,0.5546278,0.9995074
0.65342116,0.72634244,0.536923,0.11047711,0.40503561,0.40537357,0.32104298,0.029950324,0.73725426,0.10978446,0.9841473,0.02114045
0.8167257,0.60718066,0.95748854,0.7088829,0.112751506,0.55841005,0.7181865,0.80195725,0.026321335,0.7188789,0.002094811,0.9990978
0.30627564,0.028751621,0.24404658,0.45283106,0.90951544,0.6103628,0.8775079,0.59402746,0.44316745,0.3285818,0.031397406,0.0019337335
0.09009999,0.5541932,0.31949225,0.5136892,0.5879099,0.6061923,0.9407652,0.23464923,0.8980853,0.05130866,0.9929658,0.1288291
0.033090334,0.9695521,0.803186,0.07500484,0.80016786,0.6626329,0.90573794,0.4577973,0.50333846,0.8373133,0.9361335,0.00014374193
0.3200236,0.185013,0.5437754,0.25422603,0.7849852,0.044669986,0.42540854,0.77858806,0.080559105,0.6869792,0.01325179,0.0018900901
0.17838322,0.5724104,0.8252405,0.83829784,0.16199957,0.6886204,0.6314355,0.23076048,0.23974939,0.59567237,0.00583734,0.9996989
0.58040124,0.4626731,0.19970393,0.3680839,0.54146624,0.6329171,0.47664377,0.9713928,0.0462264,0.6582079,0.99541795,0.046191256
0.37479353,0.428686,0.6830566,0.6009478,0.07048298,0.15747786,0.07055569,0.034590125,0.7760049,0.8509589,0.0050299983,0.9989008
0.55903983,0.027689867,0.76608825,0.71419024,0.7172596,0.20721322,0.070282705,0.9972844,0.47779724,0.7262427,2.8551929e-05,0.32374865
0.8641966,0.5895391,0.00465019,0.7879273,0.015611655,0.95316964,0.51380974,0.90809196,0.88592577,0.8852667,0.9998305,0.99978536
0.7536801,0.6902113,0.8666606,0.104091935,0.30569538,0.6942915,0.022017978,0.73407567,0.8579786,0.45330405,0.035063773,0.01685136
0.18071775,0.60692906,0.19128676,0.00016644134,0.5828579,0.28386962,0.63882416,0.4799609,0.8632799,0.023550434,0.99543935,0.00067597005
0.85119367,0.44701895,0.09674874,0.6207135,0.32078516,0.9290853,0.8037956,0.16794518,0.7735881,0.253262,0.99946696,0.97933537
0.975735,0.13253097,0.85142267,0.7817231,0.9380758,0.7733985,0.3313716,0.23191404,0.37769082,0.20308717,2.9474395e-05,0.034351856
0.18581675,0.104736105,0.11655861,0.35763904,0.004654837,0.42485392,0.6641971,0.4016882,0.0857946,0.062688865,0.29200375,0.97337073
0.8726019,0.22609761,0.56240183,0.99993116,0.7284655,0.33635065,0.76545894,0.9539157,0.3735378,0.70801127,0.011569829,0.98727566
0.31304547,0.92416203,0.9596729,0.098830596,0.7354139,0.6577627,0.6309687,0.032843344,0.27345392,0.74610287,0.13260032,0.000288105
0.08342244,0.55219245,0.58447605,0.96193635,0.29214752,0.24082878,0.10029394,0.01642963,0.9295293,0.66991657,0.08994068,0.99983597
0.7165268,0.66680485,0.82134455,0.4263969,0.91252923,0.109167725,0.1872033,0.68371755,0.25377268,0.16459055,0.03907412,0.0027506864
0.9114515,0.05794042,0.6717703,0.34969693,0.45549843,0.2211388,0.33852586,0.30810612,0.7089003,0.8712536,7.1848546e-05,0.13916607
0.29887056,0.3008623,0.8824324,0.17693006,0.8329573,0.47756773,0.26114374,0.58423126,0.2789915,0.5148887,0.00013320048,0.00069930323
0.5779713,0.72309303,0.8081328,0.931282,0.28999034,0.3924666,0.8999673,0.8344761,0.39913625,0.46733826,0.43530717,0.9996742
0.41999006,0.41024807,0.5151704,0.7088992,0.111771256,0.093021914,0.1554304,0.0961773,0.1626306,0.03123505,0.03360203,0.99824727
0.7403472,0.8210152,0.37305453,0.19685206,0.09875989,0.748606,0.45265353,0.71371776,0.91540766,0.14658374,0.998828,0.7338637
0.0446775,0.8147763,0.505237,0.29917803,0.6758057,0.9591052,0.08254148,0.74803895,0.43566525,0.31926867,0.98959804,0.003668106
0.5491201,0.4840056,0.56051207,0.3010027,0.9143846,0.85093755,0.5007781,0.61155975,0.6097637,0.2408423,0.17160518,0.0008881844
0.20487769,0.8100039,0.56782067,0.1395052,0.80489403,0.9585859,0.34616387,0.29351225,0.08177518,0.66449124,0.97869396,0.0006573419
0.1494483,0.86812603,0.16249293,0.6155596,0.123819984,0.8480082,0.807319,0.56910074,0.4071833,0.069166996,0.99999046,0.9958403
0.82335794,0.47998613,0.34847537,0.1271018,0.012787094,0.3530925,0.8220556,0.34598473,0.8189752,0.6900665,0.95807993,0.6265686
0.3504704,0.49343768,0.7067346,0.99997795,0.51857126,0.94275314,0.527451,0.5936823,0.13906702,0.5708258,0.02430411,0.9947351
0.3665611,0.42640105,0.12583075,0.10684191,0.54184186,0.6370702,0.09213067,0.13943224,0.032442752,0.1624087,0.9940852,0.007010906
0.5377677,0.2633266,0.8779093,0.92743015,0.9030871,0.44554254,0.5387081,0.15628035,0.9378949,0.035600085,9.242448e-05,0.76288277
0.59087276,0.57432526,0.6532008,0.65210325,0.43141845,0.8965466,0.36756188,0.43586493,0.89192337,0.806194,0.086200364,0.9651236
0.93976974,0.01702024,0.02713321,0.3620688,0.87531537,0.56692445,0.035134576,0.8403504,0.16218118,0.37599796,0.516466,0.0006541063
0.116452284,0.24779646,0.74227154,0.023007542,0.13388777,0.025210168,0.8573881,0.6173248,0.16992866,0.76877224,0.0010761747,0.23923351
0.16469416,0.6214784,0.5772286,0.23789282,0.934214,0.6139659,0.5356328,0.58991,0.730122,0.311945,0.59183085,0.00025140986
0.73135054,0.4355621,0.70154285,0.3387094,0.935836,0.5007817,0.111202925,0.47518194,0.3601308,0.03410419,0.013380738,0.0012521435
0.034415174,0.9613427,0.84407735,0.82037413,0.8752175,0.77702516,0.13943757,0.9714924,0.9337185,0.6960771,0.8090501,0.07696691
0.5247679,0.38006693,0.9408967,0.73371035,0.31169108,0.59403133,0.5552749,0.4092881,0.005784636,0.8613791,7.5248994e-05,0.9919294
0.85536504,0.1613929,0.28671962,0.5432027,0.59381825,0.54722625,0.0025362272,0.7707168,0.90030247,0.25277886,0.0634938,0.1543669
0.66459626,0.60525554,0.9393677,0.83195907,0.60296166,0.44671172,0.6147747,0.623066,0.2695776,0.17801759,0.0039084563,0.9517395
0.025791163,0.5401596,0.15380318,0.51122016,0.7712526,0.4130536,0.5968649,0.54643893,0.57760584,0.47811714,0.9986721,0.019453721
0.6347992,0.36971965,0.9215655,0.019684758,0.55479014,0.5073314,0.19013956,0.42814666,0.29689202,0.67040986,0.00015438398,0.0012671056
0.05171766,0.7116193,0.94368154,0.12925954,0.72226435,0.3024566,0.23696502,0.8526226,0.9093537,0.34705052,0.025776077,0.000535175
0.9608986,0.5608233,0.2369873,0.8021646,0.5773523,0.24274683,0.66118425,0.63293993,0.9616487,0.7185338,0.9877694,0.9866822
0.052732296,0.10335489,0.8138341,0.69067377,0.7314388,0.380305,0.71307796,0.30665666,0.7819899,0.13525179,3.126625e-05,0.34174266
0.7445755,0.06799168,0.5751242,0.17801496,0.18834355,0.9798315,0.38452068,0.5196114,0.6651138,0.49829093,0.0007655366,0.33239183
0.29601997,0.92874247,0.99716336,0.73457885,0.33454767,0.9629957,0.04094974,0.41000158,0.51003486,0.51462686,0.026657851,0.9924021
0.054130077,0.3165721,0.9592877,0.4393788,0.60433745,0.5697414,0.1406894,0.7311043,0.0583126,0.5379629,3.552727e-05,0.10378316
0.015446074,0.64708835,0.50589603,0.9540597,0.16307402,0.38377672,0.85729754,0.51409537,0.8146243,0.5074254,0.98320735,0.999949
0.73796785,0.20149311,0.6511916,0.89073396,0.40911773,0.03086386,0.9322903,0.2926319,0.72852844,0.3424067,0.0007211819,0.99662846
0.67094046,0.26762548,0.91519105,0.4770456,0.7845545,0.049137555,0.7324889,0.14797612,0.21771787,0.8613084,2.5747231e-05,0.011759393
0.08329098,0.05107548,0.9655166,0.85900265,0.15202723,0.00066421856,0.9416678,0.2783253,0.1858976,0.6915081,6.778054e-07,0.99979657
0.29418087,0.3539041,0.0037097738,0.84507763,0.15484071,0.20414427,0.25526452,0.88462204,0.20645142,0.79752636,0.9989517,0.99964535
0.7914986,0.3607954,0.2789112,0.00056961743,0.038004488,0.25184447,0.3295303,0.6991276,0.36845607,0.7965249,0.88337505,0.12970136
0.9951669,0.55225617,0.24078684,0.51989645,0.7360322,0.4766677,0.2723102,0.822093,0.8291149,0.5506479,0.97350657,0.055992976
0.67262715,0.8284805,0.852689,0.0327759,0.24415703,0.33909458,0.1887322,0.80297536,0.7674658,0.51683307,0.2597446,0.010764349
0.16932048,0.29649097,0.014614721,0.48364535,0.9698255,0.28153092,0.6698276,0.84428114,0.93945605,0.025326332,0.98216426,0.001270225
0.54695004,0.29361683,0.9682044,0.2261963,0.01573824,0.32585484,0.5025094,0.028362934,0.5592483,0.8742828,1.0863368e-05,0.95589197
0.4884374,0.3215826,0.686421,0.1342342,0.80514914,0.036619175,0.38817984,0.60732037,0.4243641,0.65569216,0.0058442783,0.0004042277
0.15322217,0.17165408,0.067333974,0.15748973,0.64712465,0.62974703,0.2670375,0.25806165,0.41562316,0.47876757,0.93806994,0.005916148
0.77446663,0.77361083,0.8908308,0.90633076,0.3065253,0.5429267,0.5775115,0.2006088,0.9467984,0.6972137,0.05527802,0.9995214
0.85142523,0.48510164,0.015071277,0.9545853,0.12591204,0.88543254,0.556884,0.6226653,0.6799998,0.402291,0.99982834,0.9999281
0.6075454,0.526584,0.5379458,0.9376631,0.30518872,0.98343396,0.9021312,0.4587229,0.81745327,0.769047,0.6854066,0.99928683
0.4181092,0.17295136,0.10721075,0.8173391,0.47314298,0.8822837,0.7332891,0.4097262,0.37351102,0.51563835,0.8757545,0.98685557
0.29672375,0.8007268,0.072288685,0.87595165,0.41986647,0.3287101,0.21992064,0.5944074,0.947946,0.35241896,0.999943,0.99772006
0.91349256,0.29166523,0.44583836,0.8228793,0.6147567,0.3311899,0.8946976,0.00740014,0.8510896,0.24945992,0.12508813,0.96468896
0.052146446,0.9251088,0.884184,0.9012088,0.64824474,0.031026045,0.5618436,0.077520944,0.08214096,0.055687822,0.82993066,0.97777426
0.48614758,0.18050765,0.71907294,0.1052248,0.72285163,0.8222152,0.6855928,0.91726387,0.7116777,0.2211882,0.0011142285,0.00054389465
0.16120827,0.42200646,0.6436139,0.45031205,0.029722184,0.31684262,0.67606777,0.39519373,0.44840494,0.8561792,0.034533307,0.99444866
0.30040368,0.5495006,0.93081874,0.52076143,0.26720703,0.8773988,0.37191874,0.00138335,0.24768502,0.31823352,0.00078925764,0.9594296
0.80208427,0.47821614,0.18414941,0.16143146,0.81863254,0.55678874,0.5029167,0.44799903,0.7445023,0.55031806,0.9833687,0.00077656156
0.23583423,0.6204999,0.6396223,0.94854033,0.77827615,0.8483453,0.4904199,0.18534859,0.9958153,0.12935576,0.21376625,0.9474675
0.9245041,0.6734931,0.23090358,0.81926054,0.42052615,0.69804657,0.4863536,0.9408649,0.06837524,0.1557967,0.9993892,0.99092543
0.5024531,0.1698195,0.14837894,0.7732591,0.56769276,0.98299915,0.98224777,0.992667,0.118615516,0.93825614,0.95704997,0.9795051
0.6391172,0.40503317,0.79425615,0.13454908,0.83778465,0.018923094,0.39508426,0.55879396,0.16792615,0.66981477,0.0026281758,0.00026336912
0.0009824872,0.9297334,0.9516094,0.9361318,0.5487362,0.17713389,0.07523461,0.6222538,0.5333998,0.47227475,0.2783471,0.9937138
0.6121809,0.7236231,0.28890678,0.9736415,0.85953665,0.9156528,0.019232059,0.56987214,0.29465026,0.84902865,0.99940205,0.737744
0.4354392,0.92373806,0.123286776,0.061893336,0.1887196,0.22562127,0.17938901,0.031712066,0.71765894,0.16195194,0.9999782,0.10442923
0.4128966,0.58909833,0.026389332,0.9521098,0.8776184,0.6238679,0.017029842,0.37797648,0.97879654,0.6813304,0.99927026,0.9740471
0.31369504,0.5124085,0.30170158,0.86182296,0.84432703,0.31546515,0.59958136,0.43018085,0.9090928,0.1873609,0.98214483,0.7533507
0.10481258,0.8143356,0.601774,0.033013478,0.7884911,0.39333943,0.3141129,0.5150483,0.67156035,0.92484635,0.95334107,0.0001028837
0.2762855,0.2087348,0.103387326,0.8015756,0.7006849,0.3832132,0.72498447,0.9612458,0.4662486,0.48828536,0.97710764,0.63092196
0.7255913,0.2957261,0.047255117,0.8572717,0.9692938,0.88622475,0.08261005,0.7851362,0.48600346,0.6321213,0.97924614,0.1299964
0.42851108,0.6211793,0.839958,0.4490439,0.21768278,0.376607,0.15055138,0.08489922,0.37587634,0.62569857,0.01156646,0.95588624
0.31083998,0.7186264,0.33597755,0.7277713,0.8151994,0.21766284,0.9738187,0.16235794,0.2908409,0.1797953,0.99894017,0.13527195
0.7690099,0.15067041,0.14867379,0.29046,0.74657834,0.5843116,0.34604955,0.80096483,0.09404386,0.297239,0.6135897,0.002303242
0.22050558,0.31256273,0.20841402,0.9281018,0.6520129,0.5043863,0.5576508,0.31787285,0.614175,0.41960037,0.9293545,0.97810376
0.60122776,0.8345864,0.23797254,0.76192653,0.89076436,0.80612415,0.107301034,0.009059999,0.1917241,0.27047735,0.99991405,0.11595398
0.01809378,0.09741803,0.16951065,0.48848712,0.821918,0.8655621,0.5246145,0.6137841,0.22941527,0.07989036,0.17529488,0.0070383954
0.8949279,0.4472459,0.4798403,0.6359084,0.5418336,0.8232501,0.1866401,0.12990463,0.26348466,0.99781334,0.24702153,0.80747515
0.19327827,0.6698455,0.4922046,0.26316863,0.64369774,0.61002105,0.14483868,0.7609715,0.91064125,0.3089886,0.9259823,0.0035500457
0.56608844,0.5758384,0.3012892,0.61886704,0.24358027,0.17763229,0.41295046,0.70578045,0.6214277,0.9648821,0.97871333,0.98385495
0.36035767,0.8605988,0.90644497,0.5382999,0.47619224,0.53269905,0.23812222,0.09185868,0.38692,0.7840746,0.119642906,0.68212914
0.87000734,0.59227866,0.37510142,0.08924627,0.49858588,0.9187033,0.073894225,0.5308714,0.4263233,0.75946385,0.9829948,0.0036850332
0.6390404,0.94339186,0.5599474,0.66747564,0.47591445,0.5510023,0.7545246,0.99833965,0.047602013,0.54682875,0.99975055,0.95395184
0.10509469,0.98257387,0.8754513,0.07382628,0.49096638,0.7175595,0.73815155,0.90649414,0.7998654,0.31093037,0.9152751,0.003221259
0.1390727,0.42690435,0.8428549,0.8180333,0.10241376,0.15638335,0.30419868,0.07535907,0.424663,0.107617706,0.00039296263,0.9998154
0.72681177,0.6287167,0.31371608,0.10464182,0.12381701,0.6102089,0.4750816,0.37087935,0.09674867,0.49335247,0.9970047,0.24506797
0.4461192,0.8776997,0.7802873,0.75600624,0.25187305,0.050402533,0.02172014,0.669638,0.9902487,0.7458109,0.70493966,0.99882334
0.9065555,0.7740473,0.33314514,0.08110139,0.40724117,0.23223414,0.13248764,0.053427182,0.72559434,0.011427458,0.9985959,0.014122998
0.7023227,0.68461436,0.5614162,0.84573966,0.5824736,0.5781104,0.3079831,0.9315063,0.51713955,0.39171466,0.92103314,0.9476014
0.4084273,0.7210925,0.9353004,0.9065863,0.14028929,0.8717896,0.59016716,0.40967947,0.46436703,0.7946117,0.0068837544,0.99984753
0.48785785,0.7305207,0.7841668,0.4017798,0.49945477,0.029572658,0.34402606,0.26157886,0.39006907,0.30089337,0.13035786,0.18754232
0.06991917,0.05565251,0.36267748,0.9394692,0.37996766,0.22881284,0.97621894,0.23355559,0.6846809,0.111709535,0.0064509963,0.9985777
0.42802772,0.49918184,0.4478476,0.004474627,0.65242887,0.25739276,0.044658825,0.50346863,0.92054737,0.029440284,0.65703166,0.0005786778
0.5935444,0.21521237,0.40860406,0.11973327,0.14746843,0.6311455,0.31551495,0.3022001,0.60007125,0.24667962,0.065056354,0.35395542
0.73684543,0.5756487,0.16873196,0.9859048,0.81119555,0.49062693,0.6199702,0.760076,0.45858517,0.7391162,0.99872786,0.9709072
0.40170047,0.11587016,0.708048,0.279972,0.56524223,0.62369305,0.96257436,0.1911012,0.28417206,0.9322198,9.710837e-05,0.011475274
0.39711404,0.2933878,0.643459,0.41800973,0.9571082,0.9674201,0.096914016,0.9283331,0.79799604,0.71233743,0.0033341106,0.0005893596
0.19722378,0.03881181,0.24667045,0.10123266,0.7026682,0.56922555,0.7936885,0.40259638,0.26049218,0.86104083,0.051097345,0.0013794447
0.32394,0.88894004,0.6297694,0.70831203,0.28048036,0.048192732,0.4538918,0.640611,0.33523,0.95272434,0.99670595,0.99639004
0.25746647,0.95859444,0.8180574,0.7242286,0.46181178,0.4105787,0.77934927,0.5196137,0.6605821,0.566193,0.9643547,0.95139235
0.9845933,0.54886085,0.46375406,0.415434,0.57933944,0.42853653,0.3834756,0.978169,0.49450833,0.7801887,0.85641474,0.023460587
0.21152554,0.17716864,0.8655977,0.3690736,0.10606361,0.21825413,0.38090956,0.6496511,0.6242268,0.9245008,3.229796e-05,0.984757
0.10712912,0.55966794,0.4517267,0.79871005,0.62348,0.27827343,0.0014690062,0.48286772,0.8941089,0.90536314,0.77300197,0.9686951
0.23231849,0.32910457,0.007413917,0.91208196,0.4388658,0.16808046,0.00042357005,0.7851876,0.34374174,0.28443062,0.99228996,0.9934622
0.6766385,0.618782,0.8728852,0.65870243,0.8297077,0.14042519,0.17164807,0.91841227,0.35470468,0.21699877,0.015627189,0.046906494
0.1365145,0.012738601,0.6191336,0.09894597,0.14838953,0.09911317,0.7646654,0.8833784,0.11879403,0.61566496,0.00029369272,0.6830259
0.2338375,0.7649087,0.7221116,0.117748305,0.5926549,0.08805003,0.9691243,0.33923963,0.02026115,0.503615,0.9077631,0.0038017281
0.16337436,0.89739364,0.056980353,0.67306465,0.6691578,0.91569394,0.22787553,0.17163241,0.5135114,0.95257175,0.99999726,0.8728637
0.9143989,0.8135817,0.49863935,0.59122026,0.7312928,0.8464262,0.058176402,0.7748039,0.44750345,0.66079855,0.9852652,0.03707575
0.24499021,0.5929463,0.61242527,0.23260188,0.4892255,0.48206186,0.45311075,0.8035453,0.47169307,0.7583655,0.61392045,0.019742798
0.57772356,0.77580225,0.1414354,0.9025195,0.917018,0.7921973,0.64850336,0.3673266,0.09264532,0.9389587,0.9999852,0.58833426
0.71344906,0.4166038,0.9436433,0.1669635,0.7157094,0.40514532,0.23937605,0.19464861,0.16761309,0.9778553,0.00020046713,0.0005564086
0.2612946,0.3603336,0.5909657,0.22452387,0.46196795,0.5749227,0.138094,0.30696994,0.5522123,0.4012598,0.031524513,0.082703635
0.95048606,0.03510737,0.93384635,0.7738539,0.35886157,0.90887654,0.29625726,0.40929532,0.09671126,0.65693897,1.3417302e-06,0.990571
0.15896958,0.11037514,0.6563296,0.13818295,0.19658236,0.36872518,0.82099324,0.09710128,0.8379449,0.09609841,0.0007529613,0.20691606
0.06271295,0.42403224,0.25868407,0.8490383,0.033304628,0.9589827,0.35536885,0.3567069,0.016328502,0.18523233,0.9574674,0.9999155
0.5667778,0.39273527,0.16432764,0.115730375,0.29966614,0.69280434,0.19155262,0.13146214,0.07775737,0.8462494,0.9964706,0.06838423
0.7053168,0.9061422,0.48909634,0.16934165,0.40963325,0.5936785,0.54124516,0.8963055,0.5923778,0.2566308,0.9983625,0.018943174
0.77480936,0.6047124,0.9243467,0.29785097,0.42859325,0.7726879,0.76189286,0.6596083,0.12558685,0.578462,0.0056517646,0.067662455
0.10201953,0.7878494,0.7080749,0.92191577,0.21727563,0.11492435,0.7240725,0.20339584,0.17610385,0.31980732,0.9288247,0.99977285
0.197424,0.12329969,0.95474565,0.03571074,0.03019949,0.4483384,0.5857026,0.17661008,0.7246779,0.9392022,2.1505134e-06,0.7554614
0.18152231,0.19777003,0.24534088,0.7427964,0.9434909,0.12715529,0.54793996,0.14710377,0.054255836,0.03945707,0.28363082,0.022496898
0.4069139,0.19264977,0.41968262,0.65349144,0.94468904,0.6634572,0.5251597,0.41636723,0.105549686,0.4770743,0.022407625,0.013756882
0.09327576,0.41106465,0.9655844,0.33188412,0.32005465,0.43567708,0.8862805,0.5219258,0.44198102,0.027137378,0.00036516506,0.5754596
0.30852795,0.94218475,0.888265,0.8603107,0.65299976,0.34428915,0.5488493,0.81522506,0.09861037,0.80107486,0.93655336,0.9533767
0.7968913,0.99662906,0.56821746,0.22949734,0.40507656,0.10663965,0.41387066,0.8401673,0.39019972,0.051733576,0.9984275,0.036145158
0.4278382,0.7601595,0.23417582,0.1751864,0.9762943,0.638201,0.6572875,0.8778379,0.027034402,0.28588837,0.9997938,0.00011201385
0.397037,0.6973364,0.59550786,0.8122664,0.05097729,0.12092097,0.45202225,0.17937864,0.50205433,0.32294825,0.78724676,0.9998714
0.27893123,0.8121023,0.28775063,0.073957905,0.067982696,0.14941353,0.3941919,0.19681424,0.23502237,0.18397565,0.99976057,0.5741691
0.57153994,0.33100876,0.16392685,0.4833563,0.49339852,0.7774698,0.52843946,0.19485034,0.8141907,0.14791602,0.99025273,0.43587667
0.07086978,0.29279402,0.1523547,0.41748637,0.13128933,0.6041178,0.38280806,0.89538586,0.96779466,0.5468849,0.928651,0.98239625
0.14282453,0.8649374,0.7534954,0.9643692,0.791743,0.58252126,0.91716754,0.6542627,0.3101297,0.17550342,0.9865552,0.86257976
0.98353857,0.40884268,0.5736796,0.73729116,0.22519843,0.26969793,0.7388254,0.80714476,0.20059647,0.30873913,0.04141525,0.9974068
0.80394125,0.51784235,0.1324455,0.8923392,0.48971808,0.40787753,0.54775316,0.21354763,0.33619115,0.7355055,0.99841416,0.9929051
0.046371896,0.21728083,0.9366289,0.8049732,0.07025725,0.23293203,0.36519396,0.31929082,0.051267818,0.17071664,4.615591e-06,0.9999163
0.5789833,0.39359573,0.27047038,0.46039367,0.1380567,0.6196382,0.54685915,0.6730784,0.6382666,0.9239604,0.8695327,0.9719416
0.7522175,0.35997978,0.120677434,0.8352319,0.537065,0.9490123,0.57887435,0.9512803,0.54853076,0.17198801,0.9879754,0.94846785
0.70620817,0.5801253,0.04517658,0.91808116,0.4695568,0.91119236,0.41840693,0.577305,0.89371794,0.46083093,0.9997427,0.9977875
0.57266974,0.3285802,0.07007694,0.2588076,0.19468726,0.22789727,0.22677489,0.43054667,0.3807149,0.33704677,0.9758782,0.49097902
0.5488135,0.71518934,0.60276335,0.5448832,0.4236548,0.6458941,0.4375872,0.891773,0.96366274,0.3834415,0.8894989,0.6981258
0.29915366,0.38840413,0.4862721,0.58815145,0.9838538,0.69733024,0.3895485,0.2637677,0.94462574,0.13554843,0.09314285,0.010887241
0.7918696,0.7661155,0.84046143,0.4203388,0.9278014,0.37677628,0.71332437,0.602378,0.36394727,0.22788326,0.19729415,0.003396372
0.9137,0.6134427,0.6271913,0.7484031,0.9360706,0.982477,0.49268487,0.94500786,0.35924265,0.7276448,0.3474598,0.019774647
0.27972022,0.37014088,0.42862386,0.31615326,0.30371413,0.98268986,0.9923269,0.64292806,0.80979383,0.72114486,0.41142166,0.6939793
0.62191164,0.763811,0.53358084,0.59048486,0.7667256,0.94628507,0.709877,0.028138733,0.3569942,0.77360946,0.9857355,0.06568022
0.015557877,0.14471228,0.36871445,0.8322245,0.3043159,0.057871893,0.37873527,0.24125415,0.056059938,0.39892426,0.01748387,0.9968477
7.369943e-05,0.2542401,0.7491006,0.53233606,0.11495215,0.39362976,0.37554935,0.56816226,0.6679771,0.84083027,0.00040327007,0.99663454
0.81183004,0.6260226,0.36169,0.3877495,0.80744606,0.029226772,0.17314383,0.6295371,0.7434218,0.85235524,0.96770626,0.0017981541
0.70221174,0.568386,0.26253656,0.29595307,0.61704326,0.27295834,0.4996212,0.33207434,0.5104382,0.2293639,0.9898273,0.019334802
0.70466465,0.96821177,0.2953073,0.70530677,0.36567634,0.39541072,0.23059464,0.34401017,0.9482967,0.29257086,0.9997973,0.99484175
0.68603474,0.5087213,0.61411065,0.98099494,0.44179633,0.69796836,0.85942924,0.10450827,0.58133996,0.45857242,0.17071033,0.9975147
0.33968958,0.72173756,0.14011979,0.8960538,0.15503114,0.6771912,0.9817902,0.73913527,0.76304346,0.32616565,0.9999739,0.99983203
0.30922148,0.63187045,0.12987028,0.6705659,0.46383253,0.27488998,0.747444,0.18790986,0.15223794,0.015355936,0.9995522,0.8953782
0.53538245,0.68782806,0.4377935,0.39680588,0.627838,0.7370082,0.93746024,0.8365455,0.9606925,0.11588612,0.9935003,0.03224118
0.26590654,0.4144471,0.93821627,0.56709033,0.6814335,0.74549717,0.44671434,0.43080947,0.47020432,0.8620197,0.00018270199,0.07117769
0.56191146,0.33565003,0.4588498,0.4227587,0.1047744,0.15802298,0.086808614,0.192447,0.8524444,0.02452265,0.05432268,0.9912299
0.9479997,0.8316466,0.45152196,0.49006596,0.37457728,0.46082953,0.14150386,0.27098447,0.1851013,0.88090616,0.9984059,0.50872266
0.7046437,0.92291427,0.6170352,0.8878343,0.7012569,0.068336375,0.5008282,0.28648636,0.28517494,0.35592756,0.992097,0.97284174
0.50078374,0.9298209,0.69428617,0.34008673,0.30384356,0.66128653,0.088804655,0.36541018,0.47867778,0.7605175,0.96930623,0.4085861
0.84137875,0.0044645956,0.13322338,0.28346285,0.98411024,0.40452787,0.17025197,0.12092712,0.90135616,0.8102441,0.045940254,0.0006725624
0.0050154715,0.32598934,0.17438154,0.78177005,0.38906017,0.8369887,0.5281726,0.95000654,0.44250605,0.35013518,0.9768469,0.99293196
0.91566086,0.12553565,0.4878893,0.64242584,0.5696041,0.8894943,0.68403345,0.8250331,0.6621259,0.34424347,0.01826484,0.34643066
0.55994743,0.47821563,0.44597265,0.15578562,0.5046462,0.25901893,0.39217988,0.73357046,0.9368628,0.77386296,0.62505823,0.0032726882
0.37389085,0.13008395,0.31231573,0.17324135,0.45760646,0.52791274,0.9900196,0.7688972,0.5288939,0.37432826,0.071284845,0.014460811
0.2415473,0.0929656,0.20955148,0.5296495,0.38211358,0.295816,0.04843169,0.05263605,0.8126724,0.549795,0.117373146,0.9659262
0.30457163,0.9431294,0.6658458,0.27053058,0.35695863,0.08078272,0.24968804,0.3187714,0.64194834,0.17255373,0.9779759,0.098442785
0.32092527,0.44306433,0.44978198,0.02096677,0.31647637,0.46966252,0.23548876,0.47700414,0.5692887,0.83951837,0.5004299,0.02416013
0.735959,0.5578519,0.108672954,0.90512234,0.9023171,0.6278642,0.41964123,0.2379241,0.09760053,0.8059995,0.9996555,0.5317357
0.98015904,0.42261007,0.32663524,0.82167196,0.5479067,0.68232656,0.8057023,0.67142755,0.4224075,0.12479645,0.9726705,0.95592916
0.34453046,0.7708728,0.7358939,0.14150648,0.86594546,0.44132146,0.48641044,0.44836918,0.567846,0.62116927,0.528039,0.00020135465
0.62899125,0.8156288,0.9398443,0.7531839,0.10245611,0.32059506,0.24986687,0.031072788,0.8539227,0.07426079,0.041743446,0.9998416
0.7693309,0.4394125,0.2489054,0.08061644,0.4858194,0.2490169,0.6855068,0.24008313,0.53699124,0.6365697,0.9729329,0.007417636
0.122710794,0.14024653,0.98988223,0.13078746,0.6306843,0.6390124,0.38707757,0.4356518,0.5170184,0.47671905,1.8772579e-06,0.008365341
0.7718087,0.5466075,0.5558248,0.20300323,0.015195032,0.55924994,0.6976543,0.39602253,0.64292437,0.32499522,0.88241524,0.8849695
0.9623792,0.6209656,0.11691912,0.588222,0.031707745,0.34484115,0.07398799,0.2857104,0.89872885,0.21184696,0.99862003,0.99877053
0.4052869,0.06476037,0.36095285,0.1278488,0.037359964,0.6834531,0.024684574,0.011964104,0.42598403,0.13056535,0.013791083,0.8420944
0.38031495,0.86219764,0.18297559,0.31590465,0.77367765,0.33567226,0.6681546,0.2877976,0.18710434,0.30073255,0.9999739,0.0036593438
0.86172867,0.55122757,0.03132319,0.75399655,0.8575021,0.45755157,0.7918392,0.91047084,0.56822973,0.9166911,0.9997229,0.30016074
0.3451356,0.6727148,0.16164505,0.7969779,0.580148,0.111008376,0.89685255,0.84942675,0.75409913,0.47974136,0.99985874,0.94532096
0.56859034,0.2485824,0.8199826,0.46088552,0.010879471,0.15329675,0.42175627,0.07761136,0.64334947,0.19732636,0.00021254437,0.9956695
0.8337289,0.22404063,0.3767429,0.6977086,0.8484204,0.47831658,0.84636,0.54831934,0.99137104,0.9047112,0.069332615,0.12679182
0.8295497,0.290981,0.665932,0.60776746,0.3974753,0.54206353,0.5279001,0.06482289,0.17956226,0.5455674,0.0016200498,0.8317134
0.62386674,0.4397453,0.010585739,0.964928,0.96202326,0.21755221,0.04134637,0.53019935,0.95141083,0.91039586,0.9954324,0.9636248
0.42455295,0.28646463,0.50159144,0.8794175,0.2750064,0.50053746,0.2345499,0.3371491,0.19026051,0.9905392,0.014422935,0.998041
0.6600094,0.26471138,0.8515757,0.77243185,0.11520795,0.5552812,0.9673739,0.8292309,0.8722396,0.2627567,0.00016256131,0.9995246
0.6206329,0.6413008,0.9254373,0.89179903,0.6804612,0.96102697,0.228961,0.019602234,0.9217068,0.26432797,0.005104165,0.9361454
0.28461117,0.63130116,0.31121418,0.62935334,0.050576918,0.22276604,0.44223484,0.47280297,0.45543665,0.5329543,0.9950582,0.99885213
0.74741274,0.43921107,0.82558,0.5902513,0.3125048,0.025534932,0.88015854,0.5946454,0.29807046,0.114719175,0.0010381389,0.9882685
0.89238876,0.66106987,0.24136874,0.75723267,0.9272978,0.6735764,0.7553832,0.79282224,0.6302082,0.47216982,0.9988034,0.15833448
0.42408898,0.5546878,0.28705153,0.7065747,0.41485688,0.36054555,0.8286569,0.92496693,0.04600731,0.23262699,0.99792707,0.98332226
0.73790497,0.45176762,0.73223,0.49774414,0.014894228,0.8721261,0.92053235,0.6010597,0.6991663,0.060670625,0.0596693,0.9920954
0.66762006,0.19531752,0.7321718,0.7638242,0.52252936,0.85880125,0.22473983,0.5377375,0.8941642,0.7041515,0.00018844189,0.97185224
0.6679985,0.451949,0.27708268,0.055600464,0.30793625,0.04625848,0.43002707,0.22579992,0.7036476,0.22017853,0.960578,0.030219687
0.53590333,0.9043972,0.29487926,0.30886415,0.62718326,0.50519156,0.19586895,0.14472724,0.4894972,0.77939093,0.999869,0.019701678
0.5083733,0.9297743,0.67915,0.6605191,0.5597646,0.26883155,0.97841537,0.44750965,0.3114501,0.7285807,0.99683845,0.78135335
0.30944952,0.35775974,0.9744729,0.4339218,0.40470585,0.9253606,0.18730234,0.47407576,0.48542598,0.74252826,3.942683e-05,0.6686942
0.28085563,0.55571526,0.30770564,0.693117,0.3756751,0.7618069,0.4834261,0.64027023,0.92605317,0.4353448,0.982854,0.98219496
0.75257313,0.45786878,0.8354594,0.46548596,0.0655821,0.22654553,0.9943748,0.3341776,0.16030522,0.80583084,0.0006356748,0.98779535
0.1612049,0.7901083,0.9819735,0.10749206,0.8414126,0.48978955,0.051410865,0.5213076,0.48192292,0.891413,0.036073554,0.00015452743
0.14340793,0.030643463,0.060951095,0.52218515,0.21524867,0.7531777,0.055526,0.2348289,0.8302416,0.045641158,0.23963809,0.9908976
0.15183827,0.84125406,0.7216095,0.034920096,0.56691515,0.028033767,0.49643993,0.5994131,0.6348797,0.9268787,0.9323657,0.00043684195
0.8248711,0.89289296,0.084527425,0.43084788,0.38523704,0.19927655,0.32573524,0.2582509,0.63890034,0.31213006,0.9999794,0.7832552
0.9761287,0.7483936,0.3450017,0.3406047,0.61468977,0.1548851,0.5414086,0.55774647,0.6590767,0.85165274,0.9972722,0.014616858
0.784504,0.53719,0.5669412,0.47927383,0.5503387,0.5100743,0.27610558,0.33946434,0.97437763,0.97263575,0.10784062,0.43825576
0.9507058,0.73289585,0.51872784,0.12025714,0.17567657,0.4321666,0.36225882,0.558138,0.076343976,0.04034602,0.98841095,0.27348158
0.35742465,0.6216654,0.28856996,0.8743999,0.11242732,0.21243437,0.18303329,0.403026,0.74523294,0.52690744,0.9853613,0.9998938
0.9166268,0.32457253,0.49700373,0.43343157,0.43521553,0.76525825,0.9351583,0.63677466,0.95713824,0.19044466,0.43835545,0.20645131
0.5720458,0.3420954,0.30023524,0.20496921,0.71882147,0.76861256,0.6081027,0.2360338,0.69475895,0.15785891,0.8724366,0.0040800534
0.32793397,0.28836673,0.75157505,0.32357576,0.74603903,0.6583309,0.59780097,0.28228614,0.6433292,0.51849484,0.0007575174,0.0070332857
0.96420044,0.53149426,0.80206853,0.374414,0.35381904,0.37826782,0.6578621,0.35945314,0.90036744,0.9832749,0.0047922414,0.6817091
0.27608627,0.94072306,0.02051245,0.12155266,0.17372425,0.7063086,0.9786865,0.58830917,0.08849795,0.45799667,0.99999964,0.2571726
0.36747533,0.7068718,0.6495342,0.9279762,0.8668609,0.8161507,0.91145086,0.27633715,0.36952356,0.3798939,0.8370957,0.61206573
0.13114128,0.7388446,0.71191156,0.9274745,0.2617126,0.5894546,0.9196163,0.22350551,0.45396894,0.96581763,0.5944285,0.9997385
0.29822078,0.44463214,0.5085648,0.0052659987,0.87729037,0.49796176,0.5791192,0.23187248,0.7760392,0.36141017,0.14052257,9.65607e-05
0.61152506,0.6125841,0.4496469,0.027614046,0.2991802,0.06369772,0.43778524,0.8494853,0.596802,0.6755326,0.9476081,0.006535291
0.9062013,0.5761965,0.9810131,0.95501465,0.5981549,0.36379144,0.9027086,0.44663513,0.7166178,0.47238514,0.0009384862,0.99531156
0.02956474,0.21572445,0.5206856,0.007682918,0.104264736,0.697864,0.44806287,0.948639,0.91076654,0.2764579,0.021125957,0.15593342
0.7558083,0.22567745,0.597921,0.025109539,0.8344984,0.18744475,0.0047683776,0.3011878,0.9204871,0.26261422,0.0035348027,0.00020706825
0.11753796,0.48128343,0.81640965,0.71818435,0.20713915,0.41680637,0.6982986,0.8943867,0.9161242,0.5046332,0.011035344,0.9985201
0.29489315,0.40217772,0.7694873,0.90418243,0.024532355,0.99341816,0.49146202,0.13174401,0.56544167,0.45853335,0.0015278319,0.9999695
0.94502676,0.9918903,0.37674126,0.9661474,0.7918796,0.67568916,0.24488948,0.21645726,0.16604783,0.9227566,0.99995387,0.8734064
0.42370635,0.8571249,0.11731556,0.27125207,0.40379274,0.39981213,0.6713835,0.34471813,0.7137669,0.6391869,0.9999777,0.12549104
0.14814086,0.9818294,0.4783703,0.49739137,0.63947254,0.3685846,0.13690028,0.82211775,0.18984792,0.511319,0.9999497,0.021456104
0.26717508,0.875978,0.88826895,0.9662971,0.26264566,0.1758216,0.52482784,0.34435853,0.39813137,0.45239097,0.3802315,0.9997687
0.05110928,0.014322948,0.009938385,0.9424345,0.46216202,0.60202974,0.14132074,0.48773286,0.51880336,0.15264344,0.11978003,0.9969939
0.60213464,0.70677984,0.4675045,0.641831,0.10804012,0.8740656,0.68072516,0.77298695,0.11373506,0.51930267,0.9951212,0.99717796
0.2574446,0.13270752,0.5708961,0.92134213,0.6488023,0.66386044,0.8584239,0.70012105,0.37594044,0.8033251,0.0017735907,0.9745446
0.1804633,0.6247303,0.027877415,0.7351423,0.04222165,0.67407954,0.21236885,0.591191,0.2759747,0.022402814,0.9999325,0.9994437
0.58253556,0.32487234,0.23555669,0.7359013,0.21337102,0.80528826,0.979161,0.44123873,0.8123924,0.16836773,0.9858165,0.9960401
0.39318463,0.12615389,0.86439264,0.8640675,0.7408184,0.1665658,0.26362965,0.19230422,0.83246857,0.4676186,7.0027895e-06,0.97693926
0.81873775,0.053237364,0.10334085,0.0984053,0.959777,0.5315526,0.001292873,0.9151543,0.9597722,0.97088045,0.21124606,1.6617996e-05
0.76624787,0.33596727,0.06947609,0.7030884,0.13572028,0.11919386,0.50284904,0.41199037,0.17399673,0.6705668,0.9914513,0.99622947
0.48519254,0.74499863,0.7727301,0.012119399,0.037827846,0.4775601,0.8663564,0.21500635,0.14357677,0.9331623,0.297191,0.14804783
0.44701558,0.14008369,0.746936,0.48774585,0.8796434,0.038115874,0.8551984,0.15381095,0.92563474,0.3260411,0.00022476411,0.00676602
0.368846,0.31848836,0.3018984,0.2827112,0.60811675,0.5500181,0.061550573,0.3117253,0.3513609,0.113526866,0.7599679,0.01630725
0.67233944,0.94115883,0.6903503,0.55954933,0.15717147,0.9211057,0.99672014,0.84247774,0.09347907,0.111422405,0.9960452,0.9940896
0.16053882,0.7963915,0.9591666,0.45813882,0.59098417,0.85772264,0.45722345,0.9518745,0.5757512,0.8207671,0.05497844,0.03555327
0.32427287,0.92462283,0.97478724,0.44986153,0.22712882,0.29166612,0.7763337,0.2733497,0.38058287,0.47857586,0.24473119,0.92497486
0.50753254,0.2787995,0.11069951,0.34169522,0.6340792,0.97288835,0.09440034,0.210237,0.27694333,0.76600415,0.9818428,0.03795743
0.9038797,0.82563496,0.0074398285,0.023427071,0.48882732,0.83834,0.9253393,0.1939606,0.809346,0.4160079,0.99999523,0.009542078
0.67063785,0.21038257,0.12892629,0.31542835,0.36371076,0.57019675,0.43860152,0.9883738,0.10204481,0.20887676,0.8529322,0.18920316
0.1337312,0.11974357,0.2547367,0.8284214,0.43306926,0.19296424,0.28363723,0.34992453,0.20395672,0.5395283,0.081940986,0.9844929
0.9668025,0.88266134,0.5674813,0.88606286,0.35491782,0.20093125,0.5260454,0.5312093,0.9100716,0.0057362476,0.97910345,0.99970883
0.35951573,0.9420408,0.27290794,0.96574235,0.388205,0.7803046,0.8099894,0.6210317,0.8118713,0.59074485,0.99997663,0.9996387
0.016754905,0.67554903,0.2411779,0.6457123,0.3800792,0.5735007,0.22473823,0.67738265,0.90262634,0.33459035,0.9983321,0.97496265
0.15996012,0.33780935,0.38065147,0.3518328,0.5955701,0.5235511,0.5010975,0.26768476,0.8025177,0.9779606,0.23447537,0.056612138
0.55515844,0.18007566,0.75489783,0.6377241,0.019226257,0.06559892,0.092117,0.24950631,0.27671984,0.6774882,4.9281218e-05,0.99806255
0.7488048,0.36682236,0.008073156,0.1055183,0.28534037,0.3931698,0.36432472,0.8064277,0.22158274,0.4103133,0.9961928,0.024484843
0.8204391,0.9051091,0.3009464,0.32478628,0.391849,0.4447432,0.9615409,0.25682077,0.1341032,0.02239047,0.9998839,0.33238098
0.6388649,0.38057467,0.76524496,0.53604245,0.8569971,0.11102602,0.73374677,0.46463996,0.51939094,0.28404555,0.0030438562,0.0300406
0.67619705,0.13392472,0.35077372,0.5349946,0.7923813,0.8523529,0.5913089,0.0772845,0.37495995,0.33805597,0.04342734,0.018851541
0.3222179,0.04413781,0.46214324,0.51381916,0.48920298,0.14198409,0.10586502,0.7591644,0.74887556,0.29696438,0.0027330453,0.6738346
0.26563254,0.013508706,0.48375288,0.2561138,0.82371765,0.23277268,0.31062922,0.79122746,0.71514326,0.5580512,0.001901445,0.00095025456
0.19333464,0.3466078,0.50653166,0.6294612,0.7321422,0.89011157,0.9890884,0.66285646,0.8453645,0.77803886,0.12094923,0.041755807
0.6971597,0.49143976,0.42462924,0.23160918,0.98745584,0.123619355,0.2034919,0.37741134,0.13112037,0.9353245,0.84052587,0.00010632469
0.9973363,0.2828003,0.09106374,0.567195,0.0074717747,0.47416374,0.8368038,0.4197071,0.20399237,0.25565556,0.9843366,0.99652416
0.26404744,0.01100491,0.6559372,0.7112778,0.21246293,0.77193516,0.39962804,0.89065725,0.75685763,0.09702328,4.3650998e-05,0.9965078
0.40222624,0.07464924,0.11973123,0.99271727,0.85994524,0.34571826,0.8327803,0.8998674,0.9233951,0.875206,0.50034636,0.8421744
0.99571306,0.99279857,0.41959295,0.24758002,0.8075962,0.73026955,0.94004256,0.21724269,0.94773376,0.59858227,0.9998293,0.0029426278
0.4858199,0.52645326,0.7931333,0.6151297,0.06928097,0.37709597,0.45626852,0.718236,0.7840426,0.005162746,0.010444218,0.99865097
0.38956684,0.92023355,0.56707186,0.7063513,0.8871987,0.4421293,0.0019621446,0.28533602,0.8141587,0.90184116,0.9905839,0.09678944
0.0810008,0.24822927,0.07812568,0.37009636,0.8226845,0.06675555,0.1653572,0.26744524,0.6240803,0.97468346,0.9706222,0.004260382
0.38962284,0.94994545,0.6212291,0.35815415,0.2143367,0.6651239,0.9201287,0.6271131,0.82939225,0.68422866,0.99549234,0.8332631
0.93785626,0.74825615,0.1716247,0.9546512,0.865206,0.29965544,0.12225234,0.8059906,0.9763518,0.12748711,0.99885035,0.9621402
0.27260455,0.15962039,0.9804556,0.8203549,0.6821466,0.3255954,0.16778305,0.81610286,0.9265394,0.8636941,3.0081826e-06,0.9779074
0.36597437,0.11852944,0.6568995,0.07767499,0.69625676,0.23593912,0.6968281,0.44850546,0.96043265,0.38980877,0.00074620487,0.000921657
0.997994,0.9878892,0.603323,0.12802087,0.5831928,0.0020646355,0.19891134,0.9561232,0.33044058,0.6383901,0.9976476,0.0009153224
0.07017357,0.50075877,0.96359944,0.6117833,0.30003187,0.9561498,0.38923725,0.69751775,0.6341128,0.95291084,0.0004081256,0.9879753
0.9083858,0.58812976,0.13720967,0.16496779,0.9219734,0.080205195,0.1379141,0.65311366,0.22433741,0.8260991,0.9992342,6.0142265e-05
0.042665653,0.5331711,0.11670405,0.079114474,0.46757883,0.314769,0.8813177,0.31559083,0.8225763,0.004891215,0.99733436,0.0036914935
0.93239397,0.2153982,0.85833764,0.8028934,0.15914623,0.60571194,0.115661874,0.72788817,0.63746226,0.8119386,4.1134695e-05,0.9989421
0.70184046,0.030192774,0.87331945,0.44447896,0.5023933,0.54004794,0.6455443,0.3448566,0.10110749,0.31837893,2.047384e-06,0.12209716
0.6415009,0.0052059796,0.7932907,0.3356878,0.6797157,0.032673173,0.39378825,0.019610502,0.8163455,0.18696718,1.1587124e-05,0.029806474
0.28448355,0.38207063,0.78556716,0.55598503,0.87726027,0.6880384,0.1538144,0.09955146,0.64332134,0.53556496,0.0011678038,0.030777752
0.2624226,0.26124984,0.99347436,0.6446837,0.16324928,0.79683495,0.43691003,0.6689054,0.5877796,0.14265577,5.127965e-06,0.99746263
0.43430248,0.6611488,0.12708615,0.4322796,0.41662422,0.54260105,0.5219137,0.36772668,0.76273364,0.06722904,0.9996728,0.6342374
0.5483268,0.41791323,0.049589515,0.41214764,0.7843974,0.5289325,0.3047969,0.44541332,0.7742656,0.66815376,0.9918148,0.013429182
0.20940968,0.8823313,0.08910437,0.71686304,0.00034086246,0.710882,0.6185505,0.37892768,0.6500632,0.66639555,0.9999974,0.99988246
0.72828937,0.4113212,0.12080915,0.3797583,0.85964996,0.3358467,0.1225164,0.531355,0.60744756,0.11831355,0.97521454,0.0023538298
0.41678175,0.31829426,0.642854,0.43103468,0.10398209,0.21567556,0.50044525,0.7891842,0.009743265,0.6124273,0.0079067005,0.9882062
0.38779908,0.1747698,0.4038133,0.49115974,0.14153032,0.28815538,0.0067203823,0.007647856,0.6932414,0.57664907,0.014554832,0.990704
0.011332262,0.49481514,0.26726705,0.16443269,0.6657057,0.83554566,0.54440576,0.19379416,0.7512853,0.5213327,0.9716366,0.004338271
0.48130697,0.6873518,0.8010587,0.5183664,0.2943164,0.6380846,0.5851091,0.9015628,0.052407037,0.9101314,0.1757138,0.97677886
0.19434631,0.572268,0.3737178,0.55529976,0.6425663,0.84007704,0.507263,0.3272407,0.18107992,0.606817,0.97691876,0.16836551
0.106184036,0.8316637,0.2925599,0.40367547,0.05831578,0.42217082,0.6448671,0.49690604,0.82326573,0.39753607,0.999723,0.9897711
0.881954,0.1560406,0.34787673,0.5827247,0.080969624,0.8922531,0.96592444,0.5381835,0.827911,0.49168402,0.36500946,0.99388874
0.31219432,0.06917107,0.2571603,0.48377177,0.31810635,0.41567186,0.09312462,0.014273544,0.87761265,0.078111745,0.040586077,0.97851765
0.1312972,0.4859146,0.2859047,0.87386566,0.045854714,0.37444547,0.50586504,0.7977107,0.9338633,0.92993456,0.9721967,0.9999745
0.10001406,0.2650397,0.066149466,0.065604866,0.85627615,0.16212027,0.5596824,0.77345556,0.45640957,0.15336888,0.9391337,8.708562e-05
0.7883326,0.4637205,0.039617497,0.9447672,0.4969208,0.48597196,0.34645066,0.6351478,0.4015426,0.74947935,0.9987362,0.9961647
0.05801546,0.7354715,0.20795986,0.1647649,0.60055625,0.98347294,0.42206958,0.8693191,0.061840877,0.50866824,0.9998338,0.005618358
0.82684237,0.9251364,0.81479716,0.9622776,0.94986147,0.32096177,0.39230707,0.5752058,0.6905462,0.46470568,0.82089347,0.8391534
0.6257109,0.5056936,0.23484841,0.055124525,0.018901069,0.73849595,0.1882532,0.2666436,0.014112194,0.15063906,0.99645823,0.5252892
0.17465839,0.327988,0.6803487,0.06320762,0.6072494,0.4776465,0.28399998,0.23841327,0.5145127,0.36792758,0.0055179074,0.004426396
0.4086774,0.5184323,0.6651828,0.16480559,0.027197795,0.3175037,0.59558505,0.4866061,0.69255465,0.8196898,0.07064245,0.80246705
0.5376143,0.45918086,0.7170699,0.33523643,0.03566226,0.55615586,0.28128818,0.7480036,0.17176427,0.8451049,0.01748907,0.971949
0.6019437,0.063369006,0.40985745,0.7225001,0.23873883,0.94382757,0.6867834,0.2875754,0.7689989,0.083164774,0.008695726,0.99083775
0.72885793,0.7951474,0.830782,0.55126727,0.3787949,0.6184631,0.18627095,0.20456518,0.81870437,0.8172778,0.10798595,0.9338288
0.099220835,0.7595589,0.088180676,0.8889769,0.87055355,0.16126186,0.9673941,0.34092778,0.88899684,0.072274536,0.9999893,0.6346552
0.52190924,0.94427115,0.88173425,0.9565864,0.347706,0.43942994,0.7945427,0.62749636,0.05273958,0.8866082,0.8859323,0.99933285
0.8234515,0.91747886,0.34049016,0.022069594,0.80570596,0.32510117,0.5477399,0.78463775,0.47679833,0.29239836,0.99984694,8.0060505e-05
0.72404116,0.7955006,0.63606954,0.8007806,0.90901345,0.9044188,0.32788822,0.9719728,0.057666995,0.6164027,0.95436436,0.02825502
0.597946,0.7079557,0.002725869,0.14552137,0.6917502,0.7149685,0.8529729,0.58555025,0.55725,0.39763772,0.9999763,0.0030242212
0.38074487,0.13185543,0.4868112,0.46822354,0.47908407,0.9879737,0.02334801,0.3496796,0.6549992,0.19450562,0.005983795,0.3262449
0.2668241,0.100544386,0.51850843,0.6978298,0.096439086,0.7289528,0.023668168,0.69894063,0.95308524,0.45676687,0.00086103566,0.9993411
0.18957387,0.48377356,0.16585365,0.010180823,0.23787518,0.40318733,0.43113074,0.8865051,0.6356773,0.43444166,0.99031687,0.025439253
0.6446779,0.86463,0.0067737405,0.027735021,0.5231653,0.46601552,0.99056745,0.35753608,0.3891042,0.83570635,0.9999976,0.0027751192
0.7663802,0.9120944,0.4952912,0.5308627,0.7324582,0.9593464,0.6578225,0.8500483,0.40411812,0.17948675,0.9987135,0.037871517
0.01326224,0.42512345,0.6599744,0.86327255,0.03262316,0.9418441,0.8847605,0.87361723,0.6426698,0.46665806,0.0282406,0.9999621
0.53836846,0.5724502,0.22477733,0.84773934,0.56139874,0.713246,0.9818642,0.42819867,0.8810666,0.0072810138,0.99923253,0.9700987
0.5322478,0.05417399,0.13921379,0.9117775,0.8757849,0.8157541,0.5711527,0.3601893,0.95876396,0.9094408,0.0514515,0.9340785
0.57530016,0.35186905,0.4880064,0.12675978,0.16189118,0.903528,0.17703348,0.5372739,0.3281744,0.94912803,0.04854626,0.24451382
0.2663704,0.3685989,0.21927938,0.7890379,0.1442401,0.8400167,0.66157764,0.059023246,0.81098175,0.6277557,0.9845738,0.99959725
0.08739308,0.15914372,0.49335936,0.38655677,0.99670166,0.7696195,0.5828513,0.54783505,0.049995992,0.6767315,0.008878888,0.0008108639
0.57490563,0.07311143,0.45305556,0.89906096,0.5826391,0.97666293,0.2878808,0.64991343,0.9347549,0.34940425,0.003375412,0.96927387
0.2182885,0.83277917,0.6670821,0.97577876,0.16022487,0.9234454,0.76557744,0.5275747,0.65325177,0.83762676,0.929505,0.9999541
0.5894016,0.6562981,0.3251302,0.50062877,0.10106348,0.84704447,0.95241666,0.9018386,0.044753633,0.8528736,0.9992391,0.9945294
0.66164595,0.23776662,0.14992559,0.82093716,0.5042414,0.44792977,0.7548422,0.4706892,0.61183983,0.40624058,0.9503141,0.97551423
0.9934052,0.76386184,0.4650918,0.83393466,0.1203874,0.6832707,0.5183378,0.17806588,0.9729336,0.3384374,0.99656373,0.99986136
0.6197721,0.27121654,0.09884595,0.40290844,0.5585231,0.017040718,0.5590468,0.51120317,0.79390836,0.42354983,0.88593495,0.064922385
0.58443284,0.47813797,0.36389276,0.8034975,0.6947656,0.94542015,0.027735567,0.7440795,0.061375868,0.29097944,0.9520954,0.31118405
0.6426097,0.38146028,0.9270499,0.48068368,0.410523,0.93947124,0.001961282,0.33197108,0.8382056,0.45144835,0.00013352922,0.6234876
0.6231483,0.10811275,0.02899487,0.36035055,0.7188592,0.69324934,0.79267037,0.69624823,0.6132856,0.4861621,0.8494019,0.008592197
0.25107008,0.53286606,0.095231935,0.7452733,0.34765175,0.16888337,0.16242146,0.015228866,0.77788025,0.72869986,0.9978339,0.9944007
0.4541624,0.3267009,0.23274413,0.6144647,0.03307459,0.015606064,0.42879573,0.06807408,0.251941,0.22116092,0.7534852,0.9969297
0.6587255,0.42022315,0.87138104,0.36331356,0.6944434,0.39911222,0.54194844,0.7749456,0.96785706,0.13488744,0.0022990566,0.01201923
0.47937205,0.6088363,0.77069616,0.5570675,0.70359886,0.8590815,0.29855675,0.34016693,0.02957385,0.5542618,0.026617458,0.022628235
0.66986436,0.7937975,0.40891334,0.3185283,0.7310356,0.26916423,0.87046075,0.29387754,0.051252563,0.47034264,0.9985966,0.009281504
0.73493624,0.54970556,0.597519,0.037021372,0.03145578,0.81213063,0.29105636,0.80721426,0.70350415,0.56494766,0.20316032,0.33470413
0.5617904,0.5786567,0.39578363,0.75315684,0.3488738,0.2296204,0.62707037,0.09423925,0.3121031,0.4006439,0.9603639,0.9839761
0.12331317,0.2940821,0.55519325,0.7016336,0.28669798,0.037195925,0.6247817,0.5427558,0.05768831,0.55455667,0.020741671,0.9945663
0.24843039,0.089662924,0.95019245,0.9944959,0.3744949,0.46067727,0.14533366,0.7101808,0.4218336,0.8030152,1.1397724e-06,0.9994191
0.31834143,0.28852305,0.1696326,0.5477919,0.8445397,0.4969209,0.3598984,0.92711085,0.1338495,0.48031917,0.97400624,0.008213611
0.9935586,0.79956394,0.14154898,0.7626428,0.56689954,0.5631812,0.33724564,0.16073298,0.17305194,0.057599507,0.9999367,0.9609706
0.9559123,0.585051,0.9674006,0.96160614,0.6502003,0.505908,0.46602175,0.89037853,0.028256683,0.1138082,0.0029099945,0.9790829
0.6949833,0.19460689,0.11403676,0.26211578,0.73550224,0.5504468,0.39715132,0.7584295,0.023787428,0.8135751,0.9428006,0.0017536266
0.17187788,0.23432595,0.8966116,0.03187045,0.14748451,0.5181699,0.6826409,0.4103197,0.24035783,0.27434742,3.0460227e-05,0.23890224
0.29589197,0.30329192,0.35588914,0.8103021,0.5775901,0.07527728,0.0782461,0.37128696,0.7665911,0.68868345,0.111447014,0.9809043
0.10462789,0.348476,0.7400975,0.68051445,0.6223844,0.7105284,0.20492369,0.3416981,0.6762425,0.8792348,0.0011892228,0.844652
0.1718531,0.44929165,0.3044684,0.8391891,0.23774183,0.50238943,0.9425836,0.6339977,0.8672894,0.9402097,0.9839549,0.99969816
0.8433587,0.041752502,0.7547686,0.6158836,0.7458146,0.9774542,0.22047475,0.36138093,0.55258924,0.33608672,3.95568e-05,0.030418463
0.7240186,0.2593705,0.58515817,0.4396218,0.23213764,0.7434692,0.03045403,0.6866032,0.7491665,0.08351471,0.0069181887,0.80820125
0.44046885,0.10408863,0.72987866,0.21677808,0.3612798,0.03339441,0.25310153,0.84905416,0.5335168,0.73213005,0.00022225757,0.16027056
0.19218129,0.70075095,0.46207228,0.033295285,0.081263535,0.92942834,0.74454266,0.5460098,0.2094648,0.0063561397,0.9820389,0.3082298
0.49723265,0.53764486,0.26758453,0.16852336,0.34796125,0.105868034,0.721183,0.5811331,0.041768968,0.9538298,0.99720865,0.04300221
0.106632665,0.68774855,0.3023215,0.78339475,0.3666868,0.13440603,0.6053084,0.8828054,0.17585811,0.2944259,0.9996954,0.9957872
0.33378342,0.51623064,0.70087224,0.49927035,0.8315584,0.37739232,0.028087992,0.4261523,0.08500263,0.32205442,0.04666493,0.007826813
0.8581438,0.30322218,0.9520675,0.36214644,0.09954961,0.15513417,0.633452,0.75718474,0.054726023,0.46951258,1.5680978e-05,0.9801891
0.25506377,0.7505367,0.9980228,0.5339779,0.9442027,0.3966101,0.10668245,0.40877384,0.29612777,0.49340695,0.011498563,0.0040497812
0.3816533,0.63346654,0.10545981,0.6768132,0.33902273,0.4214091,0.21767387,0.8773188,0.10842417,0.010248611,0.9998253,0.97915035
0.0163032,0.33283097,0.3075944,0.54345167,0.89486927,0.040516738,0.84277135,0.55712783,0.5876669,0.9569656,0.90565926,0.0047021313
0.33290887,0.9937112,0.09783935,0.8948843,0.49795774,0.11770072,0.85611737,0.11104556,0.6458593,0.24521756,0.99999857,0.9966826
0.13162892,0.12446804,0.4011866,0.103120334,0.65284115,0.7904256,0.47383916,0.065304324,0.6123072,0.23983447,0.016389737,0.003188987
0.7920766,0.6730571,0.43920198,0.5046854,0.89605224,0.8776741,0.17908351,0.8490095,0.5097389,0.10611795,0.94993186,0.0029961842
0.38696742,0.0707839,0.47045535,0.04613702,0.016370155,0.56175023,0.21120621,0.6219126,0.33469927,0.13247703,0.0017805573,0.64514405
0.90314966,0.04292419,0.33307204,0.09973295,0.47558913,0.82002246,0.29818735,0.15093489,0.33026704,0.81388015,0.012869434,0.008748473
0.53670424,0.8210121,0.11794768,0.0016749941,0.5337097,0.15072507,0.57169336,0.032902807,0.49067503,0.39074,0.9999497,0.0018259891
0.9270178,0.6085402,0.91675466,0.71224546,0.18910955,0.26767936,0.3097829,0.44089484,0.18604103,0.17544511,0.0019544808,0.99778277
0.79046226,0.34689564,0.5093795,0.3466321,0.19923791,0.19975346,0.7488596,0.62795264,0.932057,0.42100465,0.06401756,0.7757228
0.84772474,0.76066667,0.38627738,0.84120923,0.63744855,0.6234594,0.10391813,0.40820476,0.07141437,0.40091273,0.9985941,0.79073566
0.9921775,0.5891236,0.92344195,0.01221052,0.15453961,0.68441904,0.41646636,0.83596456,0.4288981,0.7129967,0.006902815,0.040214512
0.3677468,0.2931873,0.31629196,0.7306791,0.19967283,0.8640577,0.5905727,0.96991104,0.9870849,0.185182,0.5696476,0.9967722
0.9417421,0.7210434,0.29797027,0.70923376,0.73193026,0.34222633,0.37558857,0.3591065,0.61661845,0.9004102,0.99745077,0.60968876
0.87351817,0.9305532,0.27072996,0.15016724,0.63849235,0.20152488,0.5864821,0.19572483,0.065144025,0.44892418,0.99996555,0.0035845612
0.55904984,0.8291444,0.5933746,0.9432494,0.08882618,0.77800107,0.041450467,0.107285365,0.8081282,0.72615355,0.9524166,0.9999714
0.10041284,0.28423622,0.9118326,0.02056138,0.5035427,0.17811522,0.8500845,0.5241835,0.9621509,0.5187469,0.00019095259,0.0023529218
0.8433548,0.3262644,0.85206646,0.88832796,0.26652646,0.17065622,0.75697875,0.5777353,0.1078632,0.3995056,0.000114040144,0.9989465
0.056515627,0.743245,0.5567661,0.46526024,0.4135569,0.62815565,0.91704965,0.42045966,0.38761407,0.36126682,0.9766261,0.619418
0.8672861,0.26650465,0.9637489,0.36771262,0.29758537,0.15280764,0.9016111,0.9869925,0.3274114,0.7034304,3.0975316e-05,0.89437026
0.6946109,0.043270677,0.8007605,0.37743017,0.6702389,0.47166407,0.7023392,0.72433096,0.19157101,0.6621742,1.8852013e-05,0.012295139
0.7102951,0.82911175,0.012263528,0.31972703,0.20015915,0.0187951,0.86868566,0.5376187,0.73693573,0.21760227,0.9999889,0.842485
0.9049193,0.5736735,0.29415137,0.19752501,0.5278719,0.6715157,0.7417886,0.17038321,0.535888,0.4361098,0.99460137,0.023313163
0.13604334,0.27566534,0.23958004,0.7342962,0.7169751,0.58448297,0.0913338,0.5662618,0.07923703,0.018173018,0.80016124,0.31464928
0.7292631,0.95525444,0.9139678,0.43975562,0.18559422,0.22103275,0.92784065,0.99142987,0.9857452,0.29678577,0.9112839,0.97313404
0.22010386,0.62289405,0.11149605,0.45896986,0.32233354,0.31650075,0.48258424,0.72982764,0.06918266,0.87917334,0.9999443,0.8809112
0.0871293,0.020218397,0.83261985,0.77815676,0.87001216,0.9786183,0.7991586,0.46147937,0.7805292,0.11827443,7.729695e-06,0.05520927
0.8239901,0.01497626,0.4573887,0.64439714,0.060379483,0.6147627,0.9444041,0.16025992,0.7296114,0.6090939,0.0022501412,0.9984176
0.91300875,0.7223628,0.9993856,0.6272986,0.88223,0.812025,0.5386089,0.09045055,0.13083304,0.8154819,0.0018802555,0.012699526
0.3658271,0.9569236,0.43061617,0.63438624,0.6370854,0.6433934,0.3060428,0.8647415,0.59360355,0.3884456,0.9997688,0.117178485
0.7619133,0.52610713,0.82486165,0.45842865,0.46518955,0.49377406,0.23691022,0.9236519,0.25875068,0.1981595,0.010359012,0.16963954
0.08858767,0.3479625,0.6144261,0.62770855,0.88690305,0.4925061,0.104737796,0.11355311,0.4168033,0.18532114,0.007771504,0.031786054
0.02488778,0.38728973,0.41189778,0.9893339,0.3966777,0.6888394,0.013802487,0.538667,0.41601676,0.24765569,0.12549873,0.99902904
0.4067203,0.36389124,0.80240405,0.09555528,0.11490222,0.2334633,0.51373273,0.7259014,0.90366375,0.26709482,0.0038469466,0.23009701
0.34999284,0.2543824,0.2653033,0.12729402,0.52580893,0.14181727,0.31673068,0.6267065,0.7275436,0.024272704,0.30733326,0.0065555074
0.2659941,0.1011969,0.53453726,0.16427566,0.14567542,0.7275081,0.066860676,0.7131518,0.069645256,0.39431357,0.0018148161,0.80775744
0.18464921,0.65966654,0.33080235,0.45477915,0.044377327,0.42293894,0.941849,0.6876686,0.8194055,0.62752473,0.9969029,0.99178517
0.24739875,0.039615523,0.059944298,0.061078537,0.90773296,0.7398839,0.89806235,0.6725823,0.5289399,0.30444637,0.20023519,6.248176e-05
0.59932405,0.509797,0.6715051,0.04344593,0.26024237,0.70314467,0.34440157,0.3046547,0.81977695,0.79606307,0.04543844,0.044007022
0.5411618,0.8459606,0.71640044,0.70910496,0.28525147,0.6108019,0.054461114,0.2971474,0.20278886,0.38701457,0.77022463,0.99258035
0.8811677,0.89651126,0.3673504,0.56233907,0.26577345,0.62663674,0.99234694,0.8325885,0.3664099,0.09538035,0.99992144,0.98359483
0.004558071,0.8556648,0.9873977,0.6674442,0.93322796,0.7578146,0.6841619,0.3512635,0.07965966,0.03217089,0.04942401,0.015877927
0.95570534,0.9286367,0.564017,0.6018799,0.96224767,0.3726346,0.63083696,0.43971828,0.34472176,0.9294423,0.9973942,0.014700068
0.78048754,0.39328894,0.47708726,0.6593618,0.46557903,0.2731904,0.29748544,0.517313,0.99453104,0.48992568,0.08743245,0.95443714
0.26024657,0.15427777,0.312121,0.25795877,0.7568328,0.7331093,0.6696849,0.21637912,0.8618068,0.9565716,0.038396332,0.00363555
0.71965164,0.2633328,0.7743065,0.64398414,0.5727069,0.45889488,0.24284326,0.6094272,0.87434757,0.031305414,0.0006555348,0.85527194
0.44671866,0.1935641,0.9326409,0.23922315,0.7787389,0.0246909,0.18348011,0.8188661,0.53642654,0.64610755,2.6248952e-05,0.0018521713
0.69098645,0.9718774,0.28581896,0.46227822,0.5763309,0.9539236,0.24714516,0.96163297,0.5240261,0.72838694,0.99996996,0.0822848
0.5806128,0.42910066,0.017223483,0.98784477,0.92580426,0.7723731,0.4006809,0.6894902,0.70976835,0.34025463,0.9975948,0.8518837
0.7394275,0.4402098,0.36165974,0.18215111,0.48828927,0.27163902,0.5077763,0.25039336,0.29264528,0.42516303,0.9200066,0.024479497
0.7864455,0.91275924,0.81236506,0.82189554,0.82940143,0.17564912,0.9958127,0.6571858,0.42092708,0.88802385,0.9699407,0.7523857
0.052819896,7.2449635e-05,0.8803219,0.4155887,0.9074198,0.49630737,0.4311083,0.29591215,0.08168894,0.30969465,6.190139e-07,0.0026004345
0.69869626,0.43250534,0.5247284,0.7724185,0.2328529,0.2212986,0.4849868,0.49413648,0.023472749,0.5819463,0.06529697,0.99598724
0.34620824,0.1663522,0.8229815,0.9987316,0.334163,0.48518634,0.047618166,0.19446412,0.2290605,0.3874829,1.0598218e-05,0.99928325
0.5757784,0.83990616,0.1754583,0.6773416,0.74585754,0.34400088,0.11429768,0.74220276,0.52147055,0.46973133,0.9999447,0.0647718
0.14780867,0.68493444,0.65676194,0.8620626,0.097257994,0.4977769,0.5810819,0.24155705,0.1690254,0.8595808,0.6577519,0.9999044
0.6366954,0.9000456,0.7739527,0.12886536,0.066657364,0.9420893,0.1616041,0.6291562,0.23576567,0.5155481,0.8659847,0.6310269
0.8519159,0.17422156,0.26195517,0.20489877,0.8853195,0.7935257,0.45048377,0.37802306,0.012901289,0.7019396,0.28574958,0.00047957367
0.20279604,0.42358765,0.3577579,0.16368426,0.44137415,0.26279995,0.5220624,0.03516006,0.9062314,0.8163643,0.9195217,0.027186634
0.84353673,0.8502025,0.8253901,0.38897544,0.58249706,0.5546627,0.75045496,0.9824608,0.060850244,0.7895692,0.9326436,0.05068895
0.18326178,0.54543245,0.29310578,0.12380606,0.85159296,0.57767886,0.5788293,0.54533476,0.1844681,0.56863314,0.98537934,0.00030626703
0.35532495,0.6508772,0.9737041,0.8764665,0.7955176,0.025164591,0.10727009,0.6925017,0.52520525,0.7518683,0.0052110087,0.8790497
0.04087486,0.2578217,0.740245,0.62831384,0.76978904,0.7689194,0.85656744,0.7203193,0.97901094,0.8988252,0.00083493703,0.027995905
0.24553952,0.53463876,0.7265662,0.11659202,0.059809197,0.22415824,0.41924733,0.6671744,0.009143627,0.5385563,0.057189487,0.9076589
0.76736087,0.9508931,0.6340911,0.57773095,0.601868,0.86580527,0.38809904,0.79533625,0.6522569,0.30457154,0.99143195,0.13420165
0.93177646,0.999949,0.26988882,0.30176854,0.16498893,0.4576848,0.8658438,0.70150596,0.84633154,0.22848165,0.99998224,0.9083401
0.16556309,0.048324354,0.2830119,0.33670676,0.2806955,0.71981925,0.56698877,0.10330268,0.6493611,0.31054208,0.041237943,0.7691423
0.21804571,0.9669267,0.07969249,0.76110834,0.20171882,0.1168877,0.55902594,0.3170223,0.22251995,0.4391233,0.9999994,0.9988708
0.49670187,0.5235266,0.7796125,0.3208974,0.048957106,0.6374701,0.9086186,0.58726263,0.23679045,0.26564565,0.02020031,0.9756477
0.4314339,0.02483401,0.20956185,0.1947174,0.97092676,0.30241308,0.8392514,0.42075658,0.86212933,0.66278726,0.026065418,0.00015602818
0.039187793,0.28280696,0.12019656,0.2961402,0.11872772,0.31798318,0.41426298,0.064147495,0.6924721,0.56660146,0.9814408,0.9584294
0.7427385,0.9905517,0.46307263,0.29491717,0.34666684,0.09193108,0.45011324,0.6271286,0.6235774,0.012769028,0.99886775,0.23548499
0.99688244,0.19087428,0.79139304,0.34216207,0.7312327,0.7076597,0.99833006,0.111872055,0.0021253948,0.74778444,6.394056e-05,0.0023821217
0.13601239,0.64791304,0.22557335,0.7566393,0.1841941,0.75828505,0.5059902,0.7086861,0.5206078,0.5565423,0.99946564,0.99926573
0.15641676,0.52204823,0.2626644,0.63359344,0.39860618,0.853721,0.7713626,0.14793323,0.591092,0.71374065,0.995112,0.97930497
0.3086644,0.7541479,0.121606514,0.5063494,0.9087721,0.52462035,0.94671196,0.38177103,0.5241536,0.56949544,0.99996567,0.006768824
0.32977858,0.35008627,0.7084772,0.69155633,0.1111936,0.30897957,0.12869929,0.23326482,0.37207052,0.98028004,0.0016427665,0.99850947
0.6201259,0.61749727,0.98537856,0.88728315,0.76506996,0.31359062,0.365539,0.20126677,0.48714814,0.99036855,0.00067672844,0.9115241
0.98085886,0.7907331,0.39787945,0.7177294,0.29217422,0.6577466,0.51752096,0.6622274,0.4138358,0.15416755,0.9982368,0.9930935
0.616077,0.5525496,0.67766917,0.42447907,0.965,0.012351831,0.15322024,0.18676002,0.14755939,0.59130883,0.049649533,0.0021372736
0.88567454,0.9716191,0.12318852,0.396784,0.04867646,0.635744,0.8876696,0.6872631,0.38870913,0.7599239,0.99999905,0.9860654
0.2829793,0.32522514,0.49396893,0.73120046,0.01495998,0.47821736,0.12349014,0.8532278,0.25977674,0.40400344,0.019683728,0.9995796
0.44585478,0.08462077,0.45911252,0.73221594,0.31639197,0.9065309,0.9407964,0.16776559,0.09338644,0.29935682,0.003501059,0.98457676
0.8999425,0.33810282,0.6103346,0.12193299,0.6300172,0.27204034,0.9565316,0.39415428,0.60740656,0.21581337,0.023538085,0.0030542137
0.890631,0.3065994,0.82983536,0.94168234,0.39518383,0.90413105,0.33508575,0.3246,0.99573267,0.95241046,0.00014673207,0.9990398
0.9567514,0.98662233,0.29612672,0.3514687,0.51180655,0.008187288,0.17483656,0.936059,0.029435238,0.10097628,0.9999858,0.0408661
0.6781289,0.27617702,0.7566406,0.10332832,0.2396769,0.0004909638,0.50273794,0.26343596,0.078067474,0.8808814,0.00018444078,0.03577872
0.9850489,0.5891005,0.6523452,0.28848916,0.3258514,0.1963556,0.51460165,0.14797458,0.6184813,0.46531022,0.14070444,0.2949954
0.6305357,0.27709433,0.17789216,0.6050911,0.45637205,0.1570703,0.57445645,0.6672316,0.69377667,0.25214386,0.7798583,0.78264815
0.39808658,0.46050555,0.03146783,0.5250974,0.60309243,0.41571808,0.035105098,0.1103055,0.392271,0.42401135,0.99801993,0.15956195
0.58241177,0.20122929,0.44820273,0.47207725,0.011336777,0.14252079,0.62430006,0.9928201,0.65039176,0.12021667,0.032268394,0.99289906
0.62084156,0.8329885,0.56459713,0.09096934,0.9809794,0.2458493,0.7105053,0.5051134,0.47877264,0.24394082,0.98194045,5.1719046e-05
0.6321208,0.14788355,0.9556824,0.12785748,0.77676415,0.31861386,0.73290527,0.4047577,0.74762887,0.90033835,7.4419754e-06,0.00029780113
0.80757666,0.046169695,0.7717126,0.71336406,0.6793239,0.5445058,0.3473282,0.97259814,0.9107376,0.47431493,6.505025e-05,0.67891043
0.03949001,0.43086842,0.20141686,0.84424794,0.1289259,0.47463742,0.38513768,0.8453851,0.5616247,0.47495463,0.991167,0.99981445
0.7238813,0.55132085,0.16673438,0.4039751,0.043209367,0.24727409,0.9147292,0.9175475,0.7975512,0.022690589,0.99877924,0.9784626
0.99370205,0.25776616,0.3608602,0.35987046,0.46542436,0.2623999,0.55890656,0.8316387,0.40036097,0.28017503,0.11920697,0.09002764
0.15060653,0.5938301,0.53762335,0.19840674,0.60303813,0.34023124,0.23837076,0.5104006,0.29164925,0.22213992,0.82544804,0.005267601
0.75529706,0.5658311,0.3329224,0.95850974,0.8414333,0.2855572,0.20268315,0.35899052,0.33211583,0.15975718,0.9377912,0.89994425
0.20217727,0.8682804,0.19452669,0.73647976,0.16511597,0.93811226,0.663325,0.41512087,0.9624825,0.52405083,0.9999807,0.99927634
0.31342053,0.19085,0.90192366,0.85839814,0.46163937,0.36725143,0.93907833,0.22237347,0.55354196,0.054498155,2.2828934e-05,0.99140996
0.9325612,0.39179695,0.24217859,0.25039822,0.48339355,0.0399928,0.6397051,0.4083029,0.37740657,0.809365,0.93602526,0.01976631
0.0027032138,0.64719665,0.6003922,0.58873963,0.96277034,0.016871674,0.6964824,0.8136786,0.50980717,0.33396488,0.97511894,0.0037215177
0.24521503,0.07528678,0.6737061,0.42896563,0.24735257,0.26882103,0.91042376,0.550176,0.2537027,0.5129402,0.00019217141,0.93756294
0.70707256,0.61753535,0.90646774,0.24778175,0.5075565,0.7561117,0.2240344,0.21169364,0.68427306,0.7806392,0.004800278,0.016122242
0.026816936,0.3097249,0.9248238,0.050505407,0.2720252,0.53338856,0.7401971,0.22805642,0.3003442,0.19453843,5.761532e-05,0.07441421
0.5646904,0.83974606,0.37688366,0.499676,0.08130241,0.3241552,0.9156513,0.8534524,0.5941565,0.9053655,0.99964917,0.99419266
0.7721024,0.12992486,0.98673445,0.4671117,0.7730167,0.35241634,0.48813677,0.96486425,0.69026214,0.02565322,5.4000448e-06,0.01845528
0.77322453,0.719556,0.9135789,0.7289602,0.10714532,0.66499484,0.41205934,0.25961477,0.6019514,0.30219015,0.015745051,0.99896765
0.4748675,0.4055418,0.9028016,0.7979031,0.9346076,0.8366518,0.041810602,0.6065294,0.6976369,0.66485745,0.00028042076,0.073194034
0.98957705,0.11971611,0.4044393,0.75296056,0.5940799,0.87865305,0.10214669,0.54251254,0.6091939,0.81426454,0.010683335,0.88615537
0.9699266,0.067661755,0.18761356,0.3181223,0.94606733,0.22855502,0.5650946,0.11776113,0.2706672,0.27610973,0.15815613,0.0018525515
0.8397298,0.10218344,0.87778074,0.65887356,0.08160935,0.43744615,0.5967588,0.62373286,0.73700666,0.65911365,6.3357047e-06,0.998782
0.9616571,0.78035957,0.56555885,0.7455332,0.46833166,0.27994516,0.04063404,0.67720306,0.14259143,0.45934796,0.97224987,0.96101934
0.44969442,0.28469408,0.15486942,0.78383666,0.7149324,0.14594789,0.63276565,0.79255515,0.77333224,0.0922796,0.9310122,0.6984942
0.012171157,0.32282954,0.22956744,0.50686294,0.7368532,0.09767637,0.5149222,0.938412,0.22864655,0.67714113,0.990625,0.034374513
0.7912816,0.72119814,0.4801078,0.64386404,0.5017731,0.8115185,0.476084,0.523156,0.2505206,0.605043,0.9881053,0.7471291
0.2982458,0.86255926,0.5862773,0.3486652,0.848833,0.8048785,0.99835485,0.8473077,0.41445655,0.12749888,0.98688555,0.0018569609
0.06831469,0.77121156,0.265959,0.91791636,0.22120556,0.6963224,0.112293534,0.49388248,0.1489809,0.8426854,0.9999366,0.99981767
0.43666348,0.3760084,0.033794317,0.23682703,0.54644877,0.8769434,0.3137977,0.7014228,0.94009775,0.17936689,0.99295723,0.019369137
0.774066,0.05289507,0.82858974,0.50192714,0.91803473,0.5583712,0.21844801,0.23533055,0.4680787,0.99205285,7.58484e-06,0.003494022
0.1303917,0.27207723,0.6551304,0.041111,0.00085093407,0.88707244,0.9643288,0.90561265,0.21546157,0.7546578,0.0054379106,0.8515532
0.6322218,0.7821606,0.6338994,0.6977182,0.79935247,0.87945867,0.0731402,0.6213537,0.14007811,0.21673748,0.8459026,0.027979124
0.6350499,0.2737843,0.23075059,0.2709373,0.3665255,0.4709404,0.22926144,0.3499635,0.8964967,0.13462691,0.6868033,0.18043783
0.34934616,0.44796038,0.7794772,0.85770464,0.27610072,0.78428787,0.20087805,0.44734225,0.7188972,0.6857984,0.0021622097,0.99897987
0.08949602,0.5322328,0.87972015,0.20058325,0.048146557,0.39238304,0.19969386,0.2868429,0.92578596,0.8749212,0.0024836063,0.95076174
0.9617959,0.44741428,0.67812234,0.37414816,0.56979376,0.4992021,0.6126881,0.7227287,0.6639092,0.7621034,0.034322713,0.042901453
0.24912415,0.006197712,0.9198068,0.6971035,0.7818318,0.07411355,0.88291043,0.1467346,0.84304106,0.76472026,1.11732e-06,0.467192
0.9903389,0.21689698,0.6630782,0.26332238,0.020651,0.7583786,0.32001716,0.3834639,0.5883171,0.8310484,0.0008788702,0.9266209
0.21815574,0.23545349,0.19738826,0.3986872,0.95859313,0.36678022,0.29762417,0.06859959,0.35252753,0.23219605,0.78139067,0.0023770481
0.40612257,0.109474994,0.7360275,0.3250595,0.16845673,0.11849052,0.6975736,0.99326223,0.3919147,0.76373863,0.00016136952,0.9523238
0.011813637,0.09402388,0.85188395,0.77581483,0.7379935,0.6892962,0.07453009,0.29865745,0.0065732775,0.06052102,1.5929091e-06,0.48342672
0.21915236,0.9606075,0.07309468,0.8297049,0.5903296,0.3997659,0.5111341,0.9933917,0.1476475,0.45059106,0.9999999,0.97089875
0.3092779,0.4168507,0.905999,0.42594776,0.9127443,0.80540085,0.28837833,0.318089,0.36984423,0.6056472,0.00028658318,0.0016524704
0.95279163,0.68748826,0.21550767,0.9473706,0.7308558,0.25394166,0.21331197,0.5182007,0.025662718,0.20747007,0.9990748,0.9642383
0.75190604,0.67070997,0.8906874,0.96879125,0.12446061,0.08067386,0.7997301,0.16217087,0.19457452,0.8820359,0.0040188846,0.9998964
0.55297357,0.191062,0.4424456,0.15526436,0.57790065,0.06382402,0.82116956,0.34239686,0.10015133,0.49860525,0.019202495,0.0052451445
0.45988828,0.28068984,0.29335934,0.98029625,0.044220485,0.025897872,0.93514484,0.16009004,0.04297728,0.45854527,0.42365983,0.99993956
0.5228243,0.044443388,0.14584117,0.60018444,0.22500159,0.83732635,0.32694224,0.10483421,0.08353059,0.937123,0.17677636,0.9896885
0.4229561,0.94008374,0.12978724,0.6157404,0.96652603,0.097961776,0.7211185,0.865516,0.33223298,0.5693634,0.99999905,0.0045074043
0.5623263,0.14112861,0.12398891,0.34758335,0.33035317,0.32885322,0.6009328,0.31599015,0.7687359,0.09067077,0.6872539,0.48664492
0.8497537,0.45844626,0.23435296,0.0006331753,0.10293583,0.35739905,0.8820849,0.3703714,0.13502085,0.9436777,0.9914752,0.06454346
0.40087956,0.7681947,0.5277147,0.23752314,0.2713061,0.2580592,0.5323203,0.703189,0.9492799,0.6940874,0.9440063,0.08610195
0.8407731,0.126943,0.49252817,0.10731463,0.6429923,0.5487718,0.03994729,0.7507775,0.531733,0.45287383,0.011728804,0.0010177308
0.26160067,0.28001696,0.7660889,0.077872805,0.89818996,0.394367,0.7530025,0.1546108,0.7888402,0.25435463,0.00095329963,0.000111952984
0.15467224,0.86558455,0.4807899,0.15993753,0.9171785,0.7235879,0.25401098,0.87653273,0.73795193,0.99468637,0.99379313,6.0917406e-05
0.47722247,0.5704367,0.61087275,0.96894485,0.1617412,0.2723958,0.70959103,0.23985799,0.8712972,0.34653416,0.4565207,0.9999347
0.24875112,0.00097304437,0.058999006,0.56973094,0.549314,0.71066904,0.6032761,0.18810393,0.54056644,0.76139975,0.30212894,0.69899404
0.44679332,0.83699036,0.22182404,0.49394524,0.9296187,0.6672147,0.798079,0.550994,0.9804665,0.58866215,0.99987495,0.004579221
0.28030923,0.0979188,0.5012363,0.92323184,0.6186408,0.20882663,0.68242955,0.76836115,0.32076055,0.5592094,0.0043564793,0.98331386
0.8846619,0.91138834,0.9430536,0.47201967,0.29129317,0.08751298,0.8793348,0.72302026,0.8018056,0.76906633,0.26519436,0.96566296
0.94797355,0.48855916,0.5629585,0.96222353,0.1181544,0.18226935,0.7102048,0.5607882,0.41527188,0.112155035,0.07190127,0.99994135
0.1352433,0.7362608,0.8385086,0.3165844,0.78350776,0.61021304,0.78408307,0.41133738,0.74757636,0.4085091,0.15875055,0.0024901396
0.123376384,0.68004674,0.5750454,0.8377912,0.48036167,0.28748015,0.50818247,0.47717625,0.6861236,0.9441577,0.8851937,0.991265
0.42450547,0.8069513,0.7188157,0.94283944,0.534156,0.8021479,0.32290712,0.34574583,0.40051046,0.41091573,0.5801691,0.9902788
0.062636,0.24190171,0.4322815,0.52199626,0.77308357,0.95874095,0.11732048,0.10700414,0.58969474,0.74539804,0.03143892,0.10791571
0.72786295,0.053039208,0.42612943,0.9242743,0.46259278,0.8176227,0.111979805,0.28968167,0.73539686,0.6213542,0.001866258,0.99724495
0.31268984,0.88432425,0.95853233,0.20751274,0.78846836,0.27334875,0.8871316,0.16554561,0.6659599,0.08421127,0.37536392,0.0010621495
0.53825825,0.92175657,0.7278953,0.09466832,0.77713865,0.90169096,0.8253883,0.47676528,0.8251478,0.07562909,0.9745601,0.0003280975
0.082014896,0.1700165,0.10349673,0.10653581,0.80241776,0.62565565,0.22369051,0.43077767,0.57673454,0.698554,0.8883636,0.0005642804
0.43638828,0.86235416,0.9687863,0.9536262,0.054929797,0.99076617,0.6679667,0.25228623,0.37704393,0.8886976,0.019728452,0.99996436
0.19889222,0.65683836,0.10649531,0.650914,0.82731324,0.68449855,0.41733316,0.38306636,0.3931224,0.58971184,0.9998863,0.12848248
0.20181614,0.4571761,0.40984336,0.08410184,0.24260652,0.119927585,0.5545084,0.18726653,0.3256022,0.8170533,0.9097416,0.058215696
0.4929736,0.69076127,0.06978828,0.21980439,0.1493762,0.6011606,0.1975399,0.059846316,0.3022073,0.6772124,0.99996316,0.6592169
0.19600075,0.28632954,0.16674158,0.17269668,0.48155335,0.10968306,0.32169762,0.4265939,0.024548117,0.38833317,0.94937444,0.015496873
0.49045882,0.22741462,0.25435647,0.05802916,0.43441662,0.3117959,0.6963435,0.37775183,0.17960368,0.024678728,0.18372294,0.01062623
0.4963566,0.9535626,0.26780766,0.7964777,0.5601559,0.69001776,0.4706436,0.38385883,0.1440602,0.9875002,0.9999913,0.9463901
0.0069729653,0.37598756,0.0411921,0.8572719,0.22076342,0.53910714,0.20062858,0.6383763,0.6518823,0.7647678,0.99489105,0.99971634
0.044240795,0.5370332,0.7890739,0.50123405,0.55214226,0.56662315,0.010389553,0.90428853,0.21078767,0.025458097,0.01104909,0.15274249
0.777136,0.18072562,0.2780154,0.06586299,0.2616273,0.19279876,0.92998064,0.8069732,0.93927795,0.26593584,0.1059728,0.02368492
0.4844187,0.7563425,0.20996302,0.4595637,0.49306118,0.26039717,0.8787513,0.9251562,0.74933684,0.008636592,0.99984026,0.44412515
0.82312834,0.67827994,0.3641716,0.47844303,0.46623453,0.95926917,0.43574268,0.91358376,0.90964097,0.74654704,0.9835691,0.6479343
0.7486829,0.974257,0.49987674,0.25713977,0.62795436,0.1449413,0.93049794,0.75504375,0.15065855,0.097672574,0.99979776,0.015657019
0.4682269,0.20939432,0.27808633,0.68226016,0.32543874,0.72429633,0.62441045,0.3564636,0.16761829,0.31975308,0.2588594,0.97567546
0.99914265,0.6833749,0.51577526,0.6986654,0.7584331,0.46042305,0.2288696,0.21808107,0.021875884,0.75849503,0.97267693,0.18727309
0.89233017,0.13383652,0.2087595,0.42301875,0.06039387,0.2862766,0.077469125,0.47704363,0.57337874,0.74928236,0.10487615,0.9670455
0.39385676,0.50781906,0.2115842,0.49380046,0.8127524,0.88288337,0.66676223,0.28813046,0.8732451,0.4212279,0.9926851,0.024773719
0.4896849,0.13168728,0.39701366,0.70440155,0.28488553,0.10398808,0.9078985,0.70905083,0.61527646,0.7924989,0.014289153,0.9937728
0.83639467,0.45263845,0.124387264,0.15592049,0.6114227,0.328666,0.025705231,0.6360185,0.032352924,0.11027995,0.99591297,0.0017552543
0.5853704,0.9757602,0.55709004,0.78269,0.38470557,0.44909468,0.27027962,0.2536562,0.5530286,0.6712071,0.99796104,0.9930635
0.38776815,0.44416744,0.5061067,0.2559534,0.4190662,0.78729844,0.2712664,0.8132508,0.012575851,0.14279887,0.45952913,0.09671017
0.695088,0.43797913,0.37273675,0.9357996,0.33192712,0.041436132,0.40084016,0.79034036,0.6484684,0.9621708,0.6831392,0.9996263
0.60621727,0.30280253,0.4975192,0.9867573,0.030431017,0.46586728,0.4739047,0.6918064,0.26640013,0.7999341,0.011236304,0.99997914
0.7536173,0.12952377,0.81188565,0.3944668,0.9515195,0.06398443,0.5028864,0.2698063,0.10108623,0.541143,2.5280327e-05,0.0029018344
